sample_id,hex_out,float_out,label,prediction,correct,latency_cycles,latency_us
0,0x0000f3b8,-3.070312,0,1,0,271,1.355
1,0x0000eb14,-5.230469,0,1,0,271,1.355
2,0x0000f138,-3.695312,0,1,0,271,1.355
3,0x0000f01c,-3.972656,0,1,0,271,1.355
4,0x0000fac0,-1.312500,0,1,0,271,1.355
5,0x0000eeb8,-4.320312,0,1,0,271,1.355
6,0x0000ef8c,-4.113281,0,1,0,271,1.355
7,0x0000f034,-3.949219,0,1,0,271,1.355
8,0x0000f514,-2.730469,0,1,0,271,1.355
9,0x00000de4,3.472656,1,1,1,271,1.355
10,0x0000f184,-3.621094,0,1,0,271,1.355
11,0x0000f40c,-2.988281,0,1,0,271,1.355
12,0x0000f2a8,-3.335938,0,1,0,271,1.355
13,0x0000eff8,-4.007812,0,1,0,271,1.355
14,0x0000f104,-3.746094,0,1,0,271,1.355
15,0x0000f50c,-2.738281,0,1,0,271,1.355
16,0x0000ee88,-4.367188,0,1,0,271,1.355
17,0x00001680,5.625000,1,1,1,271,1.355
18,0x0000ee68,-4.398438,0,1,0,271,1.355
19,0x0000f614,-2.480469,0,1,0,271,1.355
20,0x0000f328,-3.210938,0,1,0,271,1.355
21,0x0000f2e0,-3.281250,0,1,0,271,1.355
22,0x0000f1bc,-3.566406,0,1,0,271,1.355
23,0x0000f2d8,-3.289062,0,1,0,271,1.355
24,0x0000ec44,-4.933594,0,1,0,271,1.355
25,0x0000ef24,-4.214844,0,1,0,271,1.355
26,0x0000f28c,-3.363281,0,1,0,271,1.355
27,0x0000f6d4,-2.292969,0,1,0,271,1.355
28,0x0000f5a8,-2.585938,0,1,0,271,1.355
29,0x0000f874,-1.886719,0,1,0,271,1.355
30,0x0000eb10,-5.234375,0,1,0,271,1.355
31,0x0000f390,-3.109375,0,1,0,271,1.355
32,0x0000ed38,-4.695312,0,1,0,271,1.355
33,0x0000f374,-3.136719,0,1,0,271,1.355
34,0x0000effc,-4.003906,0,1,0,271,1.355
35,0x0000f02c,-3.957031,0,1,0,271,1.355
36,0x0000f638,-2.445312,0,1,0,271,1.355
37,0x0000efd0,-4.046875,0,1,0,271,1.355
38,0x00002a30,10.546875,1,1,1,271,1.355
39,0x0000fe5c,-0.410156,1,1,1,271,1.355
40,0x00002d88,11.382812,1,1,1,271,1.355
41,0x000007c4,1.941406,1,1,1,271,1.355
42,0x00001c9c,7.152344,1,1,1,271,1.355
43,0x0000f4cc,-2.800781,0,1,0,271,1.355
44,0x0000eec0,-4.312500,0,1,0,271,1.355
45,0x00000f10,3.765625,1,1,1,271,1.355
46,0x0000f7f0,-2.015625,0,1,0,271,1.355
47,0x0000f520,-2.718750,0,1,0,271,1.355
48,0x00000308,0.757812,1,1,1,271,1.355
49,0x0000f290,-3.359375,0,1,0,271,1.355
50,0x00000964,2.347656,1,1,1,271,1.355
51,0x00002924,10.285156,1,1,1,271,1.355
52,0x0000f030,-3.953125,0,1,0,271,1.355
53,0x0000efbc,-4.066406,0,1,0,271,1.355
54,0x0000ef40,-4.187500,0,1,0,271,1.355
55,0x00001990,6.390625,1,1,1,271,1.355
56,0x0000f148,-3.679688,0,1,0,271,1.355
57,0x0000fce8,-0.773438,1,1,1,271,1.355
58,0x00000d4c,3.324219,1,1,1,271,1.355
59,0x0000f788,-2.117188,0,1,0,271,1.355
60,0x0000eb50,-5.171875,0,1,0,271,1.355
61,0x0000eb60,-5.156250,0,1,0,271,1.355
62,0x0000f534,-2.699219,0,1,0,271,1.355
63,0x0000eff8,-4.007812,0,1,0,271,1.355
64,0x0000f130,-3.703125,0,1,0,271,1.355
65,0x0000efc8,-4.054688,0,1,0,271,1.355
66,0x0000fa38,-1.445312,0,1,0,271,1.355
67,0x0000f5dc,-2.535156,0,1,0,271,1.355
68,0x0000f48c,-2.863281,0,1,0,271,1.355
69,0x0000f2d4,-3.292969,0,1,0,271,1.355
70,0x0000f4e8,-2.773438,0,1,0,271,1.355
71,0x0000f454,-2.917969,0,1,0,271,1.355
72,0x0000eff4,-4.011719,0,1,0,271,1.355
73,0x0000f14c,-3.675781,0,1,0,271,1.355
74,0x0000f84c,-1.925781,0,1,0,271,1.355
75,0x0000f140,-3.687500,0,1,0,271,1.355
76,0x00004380,16.875000,1,1,1,271,1.355
77,0x0000f1e8,-3.523438,0,1,0,271,1.355
78,0x0000f5dc,-2.535156,0,1,0,271,1.355
79,0x0000f5dc,-2.535156,0,1,0,271,1.355
80,0x0000f61c,-2.472656,0,1,0,271,1.355
81,0x0000f6d0,-2.296875,0,1,0,271,1.355
82,0x0000f03c,-3.941406,0,1,0,271,1.355
83,0x0000eda4,-4.589844,0,1,0,271,1.355
84,0x0000f25c,-3.410156,0,1,0,271,1.355
85,0x00000730,1.796875,1,1,1,271,1.355
86,0x0000f288,-3.367188,0,1,0,271,1.355
87,0x0000f584,-2.621094,0,1,0,271,1.355
88,0x0000f4f8,-2.757812,0,1,0,271,1.355
89,0x0000f3bc,-3.066406,0,1,0,271,1.355
90,0x0000f5b8,-2.570312,0,1,0,271,1.355
91,0x0000f398,-3.101562,0,1,0,271,1.355
92,0x0000f714,-2.230469,0,1,0,271,1.355
93,0x0000f348,-3.179688,0,1,0,271,1.355
94,0x0000f67c,-2.378906,0,1,0,271,1.355
95,0x0000f0d0,-3.796875,0,1,0,271,1.355
96,0x0000f0ec,-3.769531,0,1,0,271,1.355
97,0x00001738,5.804688,1,1,1,271,1.355
98,0x0000020c,0.511719,1,1,1,271,1.355
99,0x0000f108,-3.742188,0,1,0,271,1.355
100,0x0000f390,-3.109375,0,1,0,271,1.355
101,0x0000f49c,-2.847656,0,1,0,271,1.355
102,0x0000ef4c,-4.175781,0,1,0,271,1.355
103,0x0000eea0,-4.343750,0,1,0,271,1.355
104,0x0000f0e4,-3.777344,0,1,0,271,1.355
105,0x0000f8dc,-1.785156,1,1,1,271,1.355
106,0x00002b38,10.804688,1,1,1,271,1.355
107,0x0000ecd8,-4.789062,0,1,0,271,1.355
108,0x0000ed88,-4.617188,0,1,0,271,1.355
109,0x0000ef58,-4.164062,0,1,0,271,1.355
110,0x0000ef0c,-4.238281,0,1,0,271,1.355
111,0x0000f058,-3.914062,0,1,0,271,1.355
112,0x0000f3b0,-3.078125,0,1,0,271,1.355
113,0x0000f07c,-3.878906,0,1,0,271,1.355
114,0x0000ef04,-4.246094,0,1,0,271,1.355
115,0x0000ee44,-4.433594,0,1,0,271,1.355
116,0x0000f270,-3.390625,0,1,0,271,1.355
117,0x0000f048,-3.929688,0,1,0,271,1.355
118,0x0000f4f4,-2.761719,0,1,0,271,1.355
119,0x0000f2b4,-3.324219,0,1,0,271,1.355
120,0x0000edac,-4.582031,0,1,0,271,1.355
121,0x0000476c,17.855469,1,1,1,271,1.355
122,0x0000f478,-2.882812,0,1,0,271,1.355
123,0x0000f948,-1.679688,0,1,0,271,1.355
124,0x0000f688,-2.367188,0,1,0,271,1.355
125,0x0000f7e4,-2.027344,1,1,1,271,1.355
126,0x0000f328,-3.210938,0,1,0,271,1.355
127,0x0000187c,6.121094,1,1,1,271,1.355
128,0x0000f2ac,-3.332031,0,1,0,271,1.355
129,0x0000f2b0,-3.328125,0,1,0,271,1.355
130,0x0000eeac,-4.332031,0,1,0,271,1.355
131,0x0000ed40,-4.687500,0,1,0,271,1.355
132,0x0000f164,-3.652344,0,1,0,271,1.355
133,0x0000f2e0,-3.281250,0,1,0,271,1.355
134,0x0000f1c8,-3.554688,0,1,0,271,1.355
135,0x000004f4,1.238281,1,1,1,271,1.355
136,0x0000ef50,-4.171875,0,1,0,271,1.355
137,0x0000f6d4,-2.292969,0,1,0,271,1.355
138,0x0000f6e8,-2.273438,0,1,0,271,1.355
139,0x0000f26c,-3.394531,0,1,0,271,1.355
140,0x0000f394,-3.105469,0,1,0,271,1.355
141,0x0000f260,-3.406250,0,1,0,271,1.355
142,0x0000f330,-3.203125,0,1,0,271,1.355
143,0x0000f5e8,-2.523438,0,1,0,271,1.355
144,0x0000ef6c,-4.144531,0,1,0,271,1.355
145,0x00000a58,2.585938,1,1,1,271,1.355
146,0x0000f004,-3.996094,0,1,0,271,1.355
147,0x0000f924,-1.714844,0,1,0,271,1.355
148,0x0000f354,-3.167969,0,1,0,271,1.355
149,0x0000f344,-3.183594,0,1,0,271,1.355
150,0x0000ed30,-4.703125,0,1,0,271,1.355
151,0x00001a44,6.566406,1,1,1,271,1.355
152,0x00003ab4,14.675781,1,1,1,271,1.355
153,0x00003754,13.832031,1,1,1,271,1.355
154,0x0000f25c,-3.410156,0,1,0,271,1.355
155,0x0000f160,-3.656250,0,1,0,271,1.355
156,0x0000f3dc,-3.035156,0,1,0,271,1.355
157,0x00001d8c,7.386719,1,1,1,271,1.355
158,0x0000f5dc,-2.535156,0,1,0,271,1.355
159,0x00001340,4.812500,1,1,1,271,1.355
160,0x0000f3e4,-3.027344,0,1,0,271,1.355
161,0x0000f104,-3.746094,0,1,0,271,1.355
162,0x0000f188,-3.617188,0,1,0,271,1.355
163,0x0000f3b4,-3.074219,0,1,0,271,1.355
164,0x0000f320,-3.218750,0,1,0,271,1.355
165,0x0000eb90,-5.109375,0,1,0,271,1.355
166,0x0000f358,-3.164062,0,1,0,271,1.355
167,0x00000700,1.750000,1,1,1,271,1.355
168,0x0000f42c,-2.957031,0,1,0,271,1.355
169,0x0000f04c,-3.925781,0,1,0,271,1.355
170,0x0000f51c,-2.722656,0,1,0,271,1.355
171,0x0000eec0,-4.312500,0,1,0,271,1.355
172,0x0000fa64,-1.402344,0,1,0,271,1.355
173,0x0000f070,-3.890625,0,1,0,271,1.355
174,0x0000f4b4,-2.824219,0,1,0,271,1.355
175,0x0000f2cc,-3.300781,0,1,0,271,1.355
176,0x0000f3fc,-3.003906,0,1,0,271,1.355
177,0x0000ee24,-4.464844,0,1,0,271,1.355
178,0x0000f60c,-2.488281,0,1,0,271,1.355
179,0x0000eff4,-4.011719,0,1,0,271,1.355
180,0x0000efac,-4.082031,0,1,0,271,1.355
181,0x0000f284,-3.371094,0,1,0,271,1.355
182,0x0000f2dc,-3.285156,0,1,0,271,1.355
183,0x0000f508,-2.742188,0,1,0,271,1.355
184,0x0000f0f8,-3.757812,0,1,0,271,1.355
185,0x0000f410,-2.984375,0,1,0,271,1.355
186,0x0000f06c,-3.894531,0,1,0,271,1.355
187,0x00000100,0.250000,1,1,1,271,1.355
188,0x00001528,5.289062,1,1,1,271,1.355
189,0x00000e54,3.582031,1,1,1,271,1.355
190,0x00002fc4,11.941406,1,1,1,271,1.355
191,0x0000ed0c,-4.738281,0,1,0,271,1.355
192,0x0000f53c,-2.691406,0,1,0,271,1.355
193,0x0000f240,-3.437500,0,1,0,271,1.355
194,0x0000f46c,-2.894531,0,1,0,271,1.355
195,0x0000f29c,-3.347656,0,1,0,271,1.355
196,0x0000ef70,-4.140625,0,1,0,271,1.355
197,0x0000f730,-2.203125,0,1,0,271,1.355
198,0x0000f4f8,-2.757812,0,1,0,271,1.355
199,0x0000ee60,-4.406250,0,1,0,271,1.355
200,0x0000f1ec,-3.519531,0,1,0,271,1.355
201,0x0000efe8,-4.023438,0,1,0,271,1.355
202,0x00000b18,2.773438,1,1,1,271,1.355
203,0x0000ebd4,-5.042969,0,1,0,271,1.355
204,0x0000efe0,-4.031250,0,1,0,271,1.355
205,0x0000f638,-2.445312,0,1,0,271,1.355
206,0x0000eeb4,-4.324219,0,1,0,271,1.355
207,0x0000f454,-2.917969,0,1,0,271,1.355
208,0x0000f0d8,-3.789062,0,1,0,271,1.355
209,0x00001c18,7.023438,1,1,1,271,1.355
210,0x0000f214,-3.480469,0,1,0,271,1.355
211,0x0000f128,-3.710938,0,1,0,271,1.355
212,0x0000f454,-2.917969,0,1,0,271,1.355
213,0x0000f1c0,-3.562500,0,1,0,271,1.355
214,0x0000f434,-2.949219,0,1,0,271,1.355
215,0x0000ef9c,-4.097656,0,1,0,271,1.355
216,0x0000eb74,-5.136719,0,1,0,271,1.355
217,0x00000d54,3.332031,1,1,1,271,1.355
218,0x0000eea4,-4.339844,0,1,0,271,1.355
219,0x0000f440,-2.937500,0,1,0,271,1.355
220,0x00001ed0,7.703125,1,1,1,271,1.355
221,0x0000f3a8,-3.085938,0,1,0,271,1.355
222,0x0000edbc,-4.566406,0,1,0,271,1.355
223,0x000010d0,4.203125,1,1,1,271,1.355
224,0x00002ca8,11.164062,1,1,1,271,1.355
225,0x00002b94,10.894531,1,1,1,271,1.355
226,0x0000ee30,-4.453125,0,1,0,271,1.355
227,0x0000f27c,-3.378906,0,1,0,271,1.355
228,0x0000f390,-3.109375,0,1,0,271,1.355
229,0x0000eed8,-4.289062,0,1,0,271,1.355
230,0x0000f5e8,-2.523438,0,1,0,271,1.355
231,0x0000f308,-3.242188,0,1,0,271,1.355
232,0x00000f54,3.832031,1,1,1,271,1.355
233,0x00005d88,23.382812,1,1,1,271,1.355
234,0x0000f220,-3.468750,0,1,0,271,1.355
235,0x0000f1b0,-3.578125,0,1,0,271,1.355
236,0x0000f6fc,-2.253906,0,1,0,271,1.355
237,0x0000f060,-3.906250,0,1,0,271,1.355
238,0x00003168,12.351562,1,1,1,271,1.355
239,0x0000f180,-3.625000,0,1,0,271,1.355
240,0x000015bc,5.433594,1,1,1,271,1.355
241,0x0000fbb4,-1.074219,0,1,0,271,1.355
242,0x0000f2f4,-3.261719,0,1,0,271,1.355
243,0x0000f278,-3.382812,0,1,0,271,1.355
244,0x0000f448,-2.929688,0,1,0,271,1.355
245,0x0000edcc,-4.550781,0,1,0,271,1.355
246,0x000001b4,0.425781,1,1,1,271,1.355
247,0x0000f218,-3.476562,0,1,0,271,1.355
248,0x00001fe0,7.968750,1,1,1,271,1.355
249,0x0000f194,-3.605469,0,1,0,271,1.355
250,0x0000f5b0,-2.578125,0,1,0,271,1.355
251,0x0000f240,-3.437500,0,1,0,271,1.355
252,0x0000efc0,-4.062500,0,1,0,271,1.355
253,0x0000f0f4,-3.761719,0,1,0,271,1.355
254,0x0000f62c,-2.457031,0,1,0,271,1.355
255,0x0000edd0,-4.546875,0,1,0,271,1.355
256,0x00004458,17.085938,1,1,1,271,1.355
257,0x0000ed44,-4.683594,0,1,0,271,1.355
258,0x0000f060,-3.906250,0,1,0,271,1.355
259,0x0000f270,-3.390625,0,1,0,271,1.355
260,0x0000f44c,-2.925781,0,1,0,271,1.355
261,0x0000f30c,-3.238281,0,1,0,271,1.355
262,0x00000c38,3.054688,1,1,1,271,1.355
263,0x0000f40c,-2.988281,0,1,0,271,1.355
264,0x0000f05c,-3.910156,0,1,0,271,1.355
265,0x0000ec7c,-4.878906,0,1,0,271,1.355
266,0x0000f39c,-3.097656,0,1,0,271,1.355
267,0x0000f0c8,-3.804688,0,1,0,271,1.355
268,0x0000f6d4,-2.292969,0,1,0,271,1.355
269,0x0000f1c4,-3.558594,0,1,0,271,1.355
270,0x0000f490,-2.859375,0,1,0,271,1.355
271,0x0000f2f8,-3.257812,0,1,0,271,1.355
272,0x0000ecdc,-4.785156,0,1,0,271,1.355
273,0x0000f140,-3.687500,0,1,0,271,1.355
274,0x00005514,21.269531,1,1,1,271,1.355
275,0x0000febc,-0.316406,1,1,1,271,1.355
276,0x00001a2c,6.542969,1,1,1,271,1.355
277,0x0000f54c,-2.675781,0,1,0,271,1.355
278,0x0000f134,-3.699219,0,1,0,271,1.355
279,0x0000ee90,-4.359375,0,1,0,271,1.355
280,0x0000f200,-3.500000,0,1,0,271,1.355
281,0x0000ee60,-4.406250,0,1,0,271,1.355
282,0x0000f440,-2.937500,0,1,0,271,1.355
283,0x00000fe0,3.968750,1,1,1,271,1.355
284,0x00001624,5.535156,1,1,1,271,1.355
285,0x0000f6ec,-2.269531,0,1,0,271,1.355
286,0x0000effc,-4.003906,0,1,0,271,1.355
287,0x0000f2cc,-3.300781,0,1,0,271,1.355
288,0x0000ef88,-4.117188,0,1,0,271,1.355
289,0x0000fd80,-0.625000,1,1,1,271,1.355
290,0x0000f3c4,-3.058594,0,1,0,271,1.355
291,0x0000f54c,-2.675781,0,1,0,271,1.355
292,0x0000f770,-2.140625,0,1,0,271,1.355
293,0x0000f91c,-1.722656,0,1,0,271,1.355
294,0x0000f7d0,-2.046875,0,1,0,271,1.355
295,0x0000f10c,-3.738281,0,1,0,271,1.355
296,0x0000f728,-2.210938,0,1,0,271,1.355
297,0x0000ef28,-4.210938,0,1,0,271,1.355
298,0x0000f200,-3.500000,0,1,0,271,1.355
299,0x0000ef28,-4.210938,0,1,0,271,1.355
300,0x0000eec4,-4.308594,0,1,0,271,1.355
301,0x0000f314,-3.230469,0,1,0,271,1.355
302,0x00000a58,2.585938,1,1,1,271,1.355
303,0x0000f610,-2.484375,0,1,0,271,1.355
304,0x0000f414,-2.980469,0,1,0,271,1.355
305,0x00000960,2.343750,1,1,1,271,1.355
306,0x0000f744,-2.183594,0,1,0,271,1.355
307,0x0000f1d8,-3.539062,0,1,0,271,1.355
308,0x0000f7e0,-2.031250,0,1,0,271,1.355
309,0x0000f154,-3.667969,0,1,0,271,1.355
310,0x000030d8,12.210938,1,1,1,271,1.355
311,0x0000f224,-3.464844,0,1,0,271,1.355
312,0x0000f064,-3.902344,0,1,0,271,1.355
313,0x0000f29c,-3.347656,0,1,0,271,1.355
314,0x0000f608,-2.492188,0,1,0,271,1.355
315,0x0000ec98,-4.851562,0,1,0,271,1.355
316,0x0000f278,-3.382812,0,1,0,271,1.355
317,0x0000efbc,-4.066406,0,1,0,271,1.355
318,0x0000f0ac,-3.832031,0,1,0,271,1.355
319,0x00001ef0,7.734375,1,1,1,271,1.355
320,0x0000efbc,-4.066406,0,1,0,271,1.355
321,0x000018a8,6.164062,1,1,1,271,1.355
322,0x0000f0d8,-3.789062,0,1,0,271,1.355
323,0x00002e48,11.570312,1,1,1,271,1.355
324,0x000017ec,5.980469,1,1,1,271,1.355
325,0x00001028,4.039062,1,1,1,271,1.355
326,0x0000f25c,-3.410156,0,1,0,271,1.355
327,0x0000f6ac,-2.332031,0,1,0,271,1.355
328,0x0000f408,-2.992188,0,1,0,271,1.355
329,0x0000ef18,-4.226562,0,1,0,271,1.355
330,0x0000ef1c,-4.222656,0,1,0,271,1.355
331,0x0000f910,-1.734375,1,1,1,271,1.355
332,0x0000ea60,-5.406250,0,1,0,271,1.355
333,0x0000f44c,-2.925781,0,1,0,271,1.355
334,0x000019ec,6.480469,1,1,1,271,1.355
335,0x0000f3a0,-3.093750,0,1,0,271,1.355
336,0x0000ef28,-4.210938,0,1,0,271,1.355
337,0x0000e9b0,-5.578125,0,1,0,271,1.355
338,0x0000ef98,-4.101562,0,1,0,271,1.355
339,0x0000f4a0,-2.843750,0,1,0,271,1.355
340,0x0000f694,-2.355469,1,1,1,271,1.355
341,0x0000f610,-2.484375,0,1,0,271,1.355
342,0x0000efe4,-4.027344,0,1,0,271,1.355
343,0x0000f330,-3.203125,0,1,0,271,1.355
344,0x0000f890,-1.859375,0,1,0,271,1.355
345,0x0000f534,-2.699219,0,1,0,271,1.355
346,0x0000f7a4,-2.089844,0,1,0,271,1.355
347,0x0000f0cc,-3.800781,0,1,0,271,1.355
348,0x0000f770,-2.140625,0,1,0,271,1.355
349,0x0000ed70,-4.640625,0,1,0,271,1.355
350,0x000002a4,0.660156,1,1,1,271,1.355
351,0x0000ee3c,-4.441406,0,1,0,271,1.355
352,0x0000f15c,-3.660156,0,1,0,271,1.355
353,0x0000ee68,-4.398438,0,1,0,271,1.355
354,0x0000f0ec,-3.769531,0,1,0,271,1.355
355,0x0000f6e4,-2.277344,0,1,0,271,1.355
356,0x0000f59c,-2.597656,0,1,0,271,1.355
357,0x0000ec84,-4.871094,0,1,0,271,1.355
358,0x0000f77c,-2.128906,0,1,0,271,1.355
359,0x0000100c,4.011719,1,1,1,271,1.355
360,0x0000ef74,-4.136719,0,1,0,271,1.355
361,0x0000f390,-3.109375,0,1,0,271,1.355
362,0x0000f1cc,-3.550781,0,1,0,271,1.355
363,0x0000f5d8,-2.539062,0,1,0,271,1.355
364,0x0000f380,-3.125000,0,1,0,271,1.355
365,0x0000f1f8,-3.507812,0,1,0,271,1.355
366,0x0000f4b8,-2.820312,0,1,0,271,1.355
367,0x0000edd8,-4.539062,0,1,0,271,1.355
368,0x0000f4ac,-2.832031,0,1,0,271,1.355
369,0x0000f404,-2.996094,0,1,0,271,1.355
370,0x0000f024,-3.964844,0,1,0,271,1.355
371,0x0000f004,-3.996094,0,1,0,271,1.355
372,0x000004f8,1.242188,1,1,1,271,1.355
373,0x0000f2a8,-3.335938,0,1,0,271,1.355
374,0x0000f250,-3.421875,0,1,0,271,1.355
375,0x000000e8,0.226562,1,1,1,271,1.355
376,0x0000f288,-3.367188,0,1,0,271,1.355
377,0x0000f53c,-2.691406,0,1,0,271,1.355
378,0x0000f778,-2.132812,0,1,0,271,1.355
379,0x0000f164,-3.652344,0,1,0,271,1.355
380,0x00001de0,7.468750,1,1,1,271,1.355
381,0x0000f09c,-3.847656,0,1,0,271,1.355
382,0x0000f1b0,-3.578125,0,1,0,271,1.355
383,0x0000f3cc,-3.050781,0,1,0,271,1.355
384,0x0000f7e4,-2.027344,0,1,0,271,1.355
385,0x00000520,1.281250,1,1,1,271,1.355
386,0x0000ef1c,-4.222656,0,1,0,271,1.355
387,0x0000fa14,-1.480469,1,1,1,271,1.355
388,0x0000ed60,-4.656250,0,1,0,271,1.355
389,0x0000f020,-3.968750,0,1,0,271,1.355
390,0x0000ee34,-4.449219,0,1,0,271,1.355
391,0x00002f4c,11.824219,1,1,1,271,1.355
392,0x0000f3d8,-3.039062,0,1,0,271,1.355
393,0x0000f4f4,-2.761719,0,1,0,271,1.355
394,0x0000f0e0,-3.781250,0,1,0,271,1.355
395,0x0000f610,-2.484375,0,1,0,271,1.355
396,0x0000f3c8,-3.054688,0,1,0,271,1.355
397,0x0000f654,-2.417969,0,1,0,271,1.355
398,0x0000f070,-3.890625,0,1,0,271,1.355
399,0x0000428c,16.636719,1,1,1,271,1.355
400,0x0000ec8c,-4.863281,0,1,0,271,1.355
401,0x0000f3e0,-3.031250,0,1,0,271,1.355
402,0x0000f00c,-3.988281,0,1,0,271,1.355
403,0x0000f57c,-2.628906,0,1,0,271,1.355
404,0x0000f0e8,-3.773438,0,1,0,271,1.355
405,0x00001778,5.867188,1,1,1,271,1.355
406,0x0000f408,-2.992188,0,1,0,271,1.355
407,0x0000f138,-3.695312,0,1,0,271,1.355
408,0x0000edfc,-4.503906,0,1,0,271,1.355
409,0x0000ecc4,-4.808594,0,1,0,271,1.355
410,0x0000f6e0,-2.281250,0,1,0,271,1.355
411,0x0000ecb8,-4.820312,0,1,0,271,1.355
412,0x0000f49c,-2.847656,0,1,0,271,1.355
413,0x0000eea4,-4.339844,0,1,0,271,1.355
414,0x0000ed74,-4.636719,0,1,0,271,1.355
415,0x0000f310,-3.234375,0,1,0,271,1.355
416,0x0000f328,-3.210938,0,1,0,271,1.355
417,0x0000f1d4,-3.542969,0,1,0,271,1.355
418,0x0000ee24,-4.464844,0,1,0,271,1.355
419,0x0000eeb4,-4.324219,0,1,0,271,1.355
420,0x0000f110,-3.734375,0,1,0,271,1.355
421,0x0000185c,6.089844,1,1,1,271,1.355
422,0x00002634,9.550781,1,1,1,271,1.355
423,0x0000f2b4,-3.324219,0,1,0,271,1.355
424,0x0000f36c,-3.144531,0,1,0,271,1.355
425,0x00001520,5.281250,1,1,1,271,1.355
426,0x0000f4cc,-2.800781,0,1,0,271,1.355
427,0x0000f058,-3.914062,0,1,0,271,1.355
428,0x0000f85c,-1.910156,0,1,0,271,1.355
429,0x0000fe7c,-0.378906,1,1,1,271,1.355
430,0x0000ebac,-5.082031,0,1,0,271,1.355
431,0x0000ebd0,-5.046875,0,1,0,271,1.355
432,0x0000f1c8,-3.554688,0,1,0,271,1.355
433,0x0000f2c8,-3.304688,0,1,0,271,1.355
434,0x0000efd8,-4.039062,0,1,0,271,1.355
435,0x0000f350,-3.171875,0,1,0,271,1.355
436,0x0000f070,-3.890625,0,1,0,271,1.355
437,0x00001248,4.570312,1,1,1,271,1.355
438,0x0000f000,-4.000000,0,1,0,271,1.355
439,0x0000f3e4,-3.027344,0,1,0,271,1.355
440,0x00000d88,3.382812,1,1,1,271,1.355
441,0x0000f190,-3.609375,0,1,0,271,1.355
442,0x0000ee7c,-4.378906,0,1,0,271,1.355
443,0x0000fa74,-1.386719,1,1,1,271,1.355
444,0x0000061c,1.527344,1,1,1,271,1.355
445,0x0000f2fc,-3.253906,0,1,0,271,1.355
446,0x0000f388,-3.117188,0,1,0,271,1.355
447,0x0000f85c,-1.910156,0,1,0,271,1.355
448,0x0000fdf8,-0.507812,1,1,1,271,1.355
449,0x0000ee28,-4.460938,0,1,0,271,1.355
450,0x0000fa24,-1.464844,0,1,0,271,1.355
451,0x0000f490,-2.859375,0,1,0,271,1.355
452,0x0000f134,-3.699219,0,1,0,271,1.355
453,0x0000ef6c,-4.144531,0,1,0,271,1.355
454,0x0000fdd4,-0.542969,1,1,1,271,1.355
455,0x000018d0,6.203125,1,1,1,271,1.355
456,0x0000f6dc,-2.285156,0,1,0,271,1.355
457,0x0000ef9c,-4.097656,0,1,0,271,1.355
458,0x0000f27c,-3.378906,0,1,0,271,1.355
459,0x0000f664,-2.402344,0,1,0,271,1.355
460,0x0000ef14,-4.230469,0,1,0,271,1.355
461,0x0000f1c4,-3.558594,0,1,0,271,1.355
462,0x0000ef7c,-4.128906,0,1,0,271,1.355
463,0x0000ed88,-4.617188,0,1,0,271,1.355
464,0x0000f1dc,-3.535156,0,1,0,271,1.355
465,0x0000f15c,-3.660156,0,1,0,271,1.355
466,0x0000f08c,-3.863281,0,1,0,271,1.355
467,0x0000eff8,-4.007812,0,1,0,271,1.355
468,0x0000f1dc,-3.535156,0,1,0,271,1.355
469,0x000004ac,1.167969,1,1,1,271,1.355
470,0x0000f460,-2.906250,0,1,0,271,1.355
471,0x0000f000,-4.000000,0,1,0,271,1.355
472,0x0000f0dc,-3.785156,0,1,0,271,1.355
473,0x0000143c,5.058594,1,1,1,271,1.355
474,0x0000fbf8,-1.007812,1,1,1,271,1.355
475,0x0000f084,-3.871094,0,1,0,271,1.355
476,0x0000eb54,-5.167969,0,1,0,271,1.355
477,0x0000f2dc,-3.285156,0,1,0,271,1.355
478,0x0000ed94,-4.605469,0,1,0,271,1.355
479,0x0000f4e4,-2.777344,0,1,0,271,1.355
480,0x0000f5c4,-2.558594,0,1,0,271,1.355
481,0x0000ec40,-4.937500,0,1,0,271,1.355
482,0x0000f0e0,-3.781250,0,1,0,271,1.355
483,0x0000f000,-4.000000,0,1,0,271,1.355
484,0x0000ec88,-4.867188,0,1,0,271,1.355
485,0x0000f324,-3.214844,0,1,0,271,1.355
486,0x0000f350,-3.171875,0,1,0,271,1.355
487,0x0000f6b0,-2.328125,0,1,0,271,1.355
488,0x0000f518,-2.726562,0,1,0,271,1.355
489,0x0000ef48,-4.179688,0,1,0,271,1.355
490,0x00000a0c,2.511719,1,1,1,271,1.355
491,0x0000f640,-2.437500,0,1,0,271,1.355
492,0x0000f110,-3.734375,0,1,0,271,1.355
493,0x0000f564,-2.652344,0,1,0,271,1.355
494,0x0000ed64,-4.652344,0,1,0,271,1.355
495,0x0000014c,0.324219,1,1,1,271,1.355
496,0x00000c70,3.109375,1,1,1,271,1.355
497,0x0000f5dc,-2.535156,0,1,0,271,1.355
498,0x0000f540,-2.687500,0,1,0,271,1.355
499,0x00002388,8.882812,1,1,1,271,1.355
500,0x0000f588,-2.617188,0,1,0,271,1.355
501,0x0000f328,-3.210938,0,1,0,271,1.355
502,0x00001ea8,7.664062,1,1,1,271,1.355
503,0x0000f870,-1.890625,0,1,0,271,1.355
504,0x0000f080,-3.875000,0,1,0,271,1.355
505,0x0000ece8,-4.773438,0,1,0,271,1.355
506,0x00002024,8.035156,1,1,1,271,1.355
507,0x0000f568,-2.648438,0,1,0,271,1.355
508,0x0000f034,-3.949219,0,1,0,271,1.355
509,0x0000f3f0,-3.015625,0,1,0,271,1.355
510,0x00000c04,3.003906,1,1,1,271,1.355
511,0x000000ec,0.230469,1,1,1,271,1.355
512,0x0000ebc0,-5.062500,0,1,0,271,1.355
513,0x0000f470,-2.890625,0,1,0,271,1.355
514,0x0000f144,-3.683594,0,1,0,271,1.355
515,0x0000ee50,-4.421875,0,1,0,271,1.355
516,0x00000e84,3.628906,1,1,1,271,1.355
517,0x0000f3b4,-3.074219,0,1,0,271,1.355
518,0x0000f280,-3.375000,0,1,0,271,1.355
519,0x0000f394,-3.105469,0,1,0,271,1.355
520,0x0000f1c4,-3.558594,0,1,0,271,1.355
521,0x0000f2a8,-3.335938,0,1,0,271,1.355
522,0x0000f4f8,-2.757812,0,1,0,271,1.355
523,0x0000f15c,-3.660156,0,1,0,271,1.355
524,0x00000e8c,3.636719,1,1,1,271,1.355
525,0x0000f58c,-2.613281,0,1,0,271,1.355
526,0x0000ecb0,-4.828125,0,1,0,271,1.355
527,0x00001694,5.644531,1,1,1,271,1.355
528,0x0000e860,-5.906250,0,1,0,271,1.355
529,0x0000f740,-2.187500,0,1,0,271,1.355
530,0x0000f2c4,-3.308594,0,1,0,271,1.355
531,0x0000f4b4,-2.824219,0,1,0,271,1.355
532,0x0000eef4,-4.261719,0,1,0,271,1.355
533,0x0000f400,-3.000000,0,1,0,271,1.355
534,0x0000ee08,-4.492188,0,1,0,271,1.355
535,0x0000efac,-4.082031,0,1,0,271,1.355
536,0x0000f3b0,-3.078125,0,1,0,271,1.355
537,0x0000f398,-3.101562,0,1,0,271,1.355
538,0x0000ebc4,-5.058594,0,1,0,271,1.355
539,0x0000f8e8,-1.773438,1,1,1,271,1.355
540,0x0000f560,-2.656250,0,1,0,271,1.355
541,0x0000f6d8,-2.289062,0,1,0,271,1.355
542,0x0000f444,-2.933594,0,1,0,271,1.355
543,0x000015e0,5.468750,1,1,1,271,1.355
544,0x0000f274,-3.386719,0,1,0,271,1.355
545,0x0000ef2c,-4.207031,0,1,0,271,1.355
546,0x00000be8,2.976562,1,1,1,271,1.355
547,0x0000f1e8,-3.523438,0,1,0,271,1.355
548,0x0000f468,-2.898438,0,1,0,271,1.355
549,0x0000ebf8,-5.007812,0,1,0,271,1.355
550,0x0000f210,-3.484375,0,1,0,271,1.355
551,0x0000f29c,-3.347656,0,1,0,271,1.355
552,0x0000f104,-3.746094,0,1,0,271,1.355
553,0x0000ef6c,-4.144531,0,1,0,271,1.355
554,0x0000ed94,-4.605469,0,1,0,271,1.355
555,0x00000918,2.273438,1,1,1,271,1.355
556,0x0000f368,-3.148438,0,1,0,271,1.355
557,0x0000f518,-2.726562,0,1,0,271,1.355
558,0x0000f5b0,-2.578125,1,1,1,271,1.355
559,0x0000f268,-3.398438,0,1,0,271,1.355
560,0x0000ef4c,-4.175781,0,1,0,271,1.355
561,0x0000f4e0,-2.781250,0,1,0,271,1.355
562,0x0000f250,-3.421875,0,1,0,271,1.355
563,0x0000ef14,-4.230469,0,1,0,271,1.355
564,0x0000f2a8,-3.335938,0,1,0,271,1.355
565,0x00002164,8.347656,1,1,1,271,1.355
566,0x0000f230,-3.453125,0,1,0,271,1.355
567,0x0000039c,0.902344,1,1,1,271,1.355
568,0x0000f1ac,-3.582031,0,1,0,271,1.355
569,0x0000f50c,-2.738281,0,1,0,271,1.355
570,0x0000eecc,-4.300781,0,1,0,271,1.355
571,0x0000f5f8,-2.507812,0,1,0,271,1.355
572,0x0000f224,-3.464844,0,1,0,271,1.355
573,0x0000fd3c,-0.691406,1,1,1,271,1.355
574,0x0000f070,-3.890625,0,1,0,271,1.355
575,0x0000ee5c,-4.410156,0,1,0,271,1.355
576,0x00000760,1.843750,1,1,1,271,1.355
577,0x0000f40c,-2.988281,0,1,0,271,1.355
578,0x0000ef14,-4.230469,0,1,0,271,1.355
579,0x0000f260,-3.406250,0,1,0,271,1.355
580,0x0000f0ec,-3.769531,0,1,0,271,1.355
581,0x0000ef38,-4.195312,0,1,0,271,1.355
582,0x0000f018,-3.976562,0,1,0,271,1.355
583,0x0000f178,-3.632812,0,1,0,271,1.355
584,0x00000d88,3.382812,1,1,1,271,1.355
585,0x0000f0cc,-3.800781,0,1,0,271,1.355
586,0x0000f7b8,-2.070312,0,1,0,271,1.355
587,0x0000eec0,-4.312500,0,1,0,271,1.355
588,0x0000f200,-3.500000,0,1,0,271,1.355
589,0x0000f060,-3.906250,0,1,0,271,1.355
590,0x00004730,17.796875,1,1,1,271,1.355
591,0x0000f300,-3.250000,0,1,0,271,1.355
592,0x0000f12c,-3.707031,0,1,0,271,1.355
593,0x00002198,8.398438,1,1,1,271,1.355
594,0x0000f2a4,-3.339844,0,1,0,271,1.355
595,0x00002df8,11.492188,1,1,1,271,1.355
596,0x00000864,2.097656,1,1,1,271,1.355
597,0x0000f3b8,-3.070312,0,1,0,271,1.355
598,0x0000f80c,-1.988281,0,1,0,271,1.355
599,0x0000efb0,-4.078125,0,1,0,271,1.355
600,0x0000eba8,-5.085938,0,1,0,271,1.355
601,0x0000ed18,-4.726562,0,1,0,271,1.355
602,0x0000f3dc,-3.035156,0,1,0,271,1.355
603,0x0000f640,-2.437500,0,1,0,271,1.355
604,0x0000f7a8,-2.085938,0,1,0,271,1.355
605,0x0000ef08,-4.242188,0,1,0,271,1.355
606,0x0000f0c0,-3.812500,0,1,0,271,1.355
607,0x0000f08c,-3.863281,0,1,0,271,1.355
608,0x0000eba0,-5.093750,0,1,0,271,1.355
609,0x0000f64c,-2.425781,0,1,0,271,1.355
610,0x0000f504,-2.746094,0,1,0,271,1.355
611,0x0000f074,-3.886719,0,1,0,271,1.355
612,0x0000ec24,-4.964844,0,1,0,271,1.355
613,0x0000f65c,-2.410156,1,1,1,271,1.355
614,0x0000ecd0,-4.796875,0,1,0,271,1.355
615,0x0000ecf8,-4.757812,0,1,0,271,1.355
616,0x0000ef20,-4.218750,0,1,0,271,1.355
617,0x0000f144,-3.683594,0,1,0,271,1.355
618,0x0000f390,-3.109375,0,1,0,271,1.355
619,0x0000f188,-3.617188,0,1,0,271,1.355
620,0x0000f004,-3.996094,0,1,0,271,1.355
621,0x0000f110,-3.734375,0,1,0,271,1.355
622,0x0000efc8,-4.054688,0,1,0,271,1.355
623,0x0000f214,-3.480469,0,1,0,271,1.355
624,0x000022f4,8.738281,1,1,1,271,1.355
625,0x0000f360,-3.156250,0,1,0,271,1.355
626,0x0000fcd4,-0.792969,1,1,1,271,1.355
627,0x00003038,12.054688,1,1,1,271,1.355
628,0x0000f120,-3.718750,0,1,0,271,1.355
629,0x00001128,4.289062,1,1,1,271,1.355
630,0x0000eddc,-4.535156,0,1,0,271,1.355
631,0x0000eec0,-4.312500,0,1,0,271,1.355
632,0x0000eea0,-4.343750,0,1,0,271,1.355
633,0x0000f174,-3.636719,0,1,0,271,1.355
634,0x000009dc,2.464844,1,1,1,271,1.355
635,0x0000ef40,-4.187500,0,1,0,271,1.355
636,0x0000f010,-3.984375,0,1,0,271,1.355
637,0x0000ef3c,-4.191406,0,1,0,271,1.355
638,0x0000f01c,-3.972656,0,1,0,271,1.355
639,0x0000ef48,-4.179688,0,1,0,271,1.355
640,0x0000ec00,-5.000000,0,1,0,271,1.355
641,0x0000ec24,-4.964844,0,1,0,271,1.355
642,0x0000eb3c,-5.191406,0,1,0,271,1.355
643,0x0000f048,-3.929688,0,1,0,271,1.355
644,0x0000efb0,-4.078125,0,1,0,271,1.355
645,0x0000f0b0,-3.828125,0,1,0,271,1.355
646,0x0000f804,-1.996094,0,1,0,271,1.355
647,0x0000ee8c,-4.363281,0,1,0,271,1.355
648,0x0000f3cc,-3.050781,0,1,0,271,1.355
649,0x0000f164,-3.652344,0,1,0,271,1.355
650,0x0000f6fc,-2.253906,0,1,0,271,1.355
651,0x0000f458,-2.914062,0,1,0,271,1.355
652,0x0000e904,-5.746094,0,1,0,271,1.355
653,0x0000f59c,-2.597656,0,1,0,271,1.355
654,0x0000f57c,-2.628906,0,1,0,271,1.355
655,0x0000f0f4,-3.761719,0,1,0,271,1.355
656,0x0000ed90,-4.609375,0,1,0,271,1.355
657,0x00001474,5.113281,1,1,1,271,1.355
658,0x0000f7e4,-2.027344,0,1,0,271,1.355
659,0x0000078c,1.886719,1,1,1,271,1.355
660,0x0000eee4,-4.277344,0,1,0,271,1.355
661,0x0000f020,-3.968750,0,1,0,271,1.355
662,0x0000f1ec,-3.519531,0,1,0,271,1.355
663,0x0000f0cc,-3.800781,0,1,0,271,1.355
664,0x000002ec,0.730469,1,1,1,271,1.355
665,0x00001aac,6.667969,1,1,1,271,1.355
666,0x0000ee40,-4.437500,0,1,0,271,1.355
667,0x0000ef60,-4.156250,0,1,0,271,1.355
668,0x00004874,18.113281,1,1,1,271,1.355
669,0x0000f008,-3.992188,0,1,0,271,1.355
670,0x0000f0cc,-3.800781,0,1,0,271,1.355
671,0x0000f4c4,-2.808594,0,1,0,271,1.355
672,0x00001534,5.300781,1,1,1,271,1.355
673,0x0000f080,-3.875000,0,1,0,271,1.355
674,0x0000eddc,-4.535156,0,1,0,271,1.355
675,0x00006320,24.781250,1,1,1,271,1.355
676,0x0000f0c8,-3.804688,0,1,0,271,1.355
677,0x0000f340,-3.187500,0,1,0,271,1.355
678,0x0000ee88,-4.367188,0,1,0,271,1.355
679,0x0000f054,-3.917969,0,1,0,271,1.355
680,0x0000f0c8,-3.804688,0,1,0,271,1.355
681,0x0000ee94,-4.355469,0,1,0,271,1.355
682,0x0000f378,-3.132812,0,1,0,271,1.355
683,0x0000ec28,-4.960938,0,1,0,271,1.355
684,0x0000efd8,-4.039062,0,1,0,271,1.355
685,0x0000eb88,-5.117188,0,1,0,271,1.355
686,0x00000978,2.367188,1,1,1,271,1.355
687,0x0000f4d8,-2.789062,0,1,0,271,1.355
688,0x00000470,1.109375,1,1,1,271,1.355
689,0x00000a6c,2.605469,1,1,1,271,1.355
690,0x0000f62c,-2.457031,0,1,0,271,1.355
691,0x0000f098,-3.851562,0,1,0,271,1.355
692,0x0000f2b4,-3.324219,0,1,0,271,1.355
693,0x00001218,4.523438,1,1,1,271,1.355
694,0x0000f048,-3.929688,0,1,0,271,1.355
695,0x0000f13c,-3.691406,0,1,0,271,1.355
696,0x0000f2b8,-3.320312,0,1,0,271,1.355
697,0x0000f038,-3.945312,0,1,0,271,1.355
698,0x0000e998,-5.601562,0,1,0,271,1.355
699,0x0000e990,-5.609375,0,1,0,271,1.355
700,0x0000eebc,-4.316406,0,1,0,271,1.355
701,0x0000f440,-2.937500,0,1,0,271,1.355
702,0x0000f344,-3.183594,0,1,0,271,1.355
703,0x0000f228,-3.460938,0,1,0,271,1.355
704,0x0000efa8,-4.085938,0,1,0,271,1.355
705,0x0000f48c,-2.863281,0,1,0,271,1.355
706,0x0000ee6c,-4.394531,0,1,0,271,1.355
707,0x0000f55c,-2.660156,0,1,0,271,1.355
708,0x0000f240,-3.437500,0,1,0,271,1.355
709,0x0000f1c0,-3.562500,0,1,0,271,1.355
710,0x0000f3ec,-3.019531,0,1,0,271,1.355
711,0x0000f114,-3.730469,0,1,0,271,1.355
712,0x0000efdc,-4.035156,0,1,0,271,1.355
713,0x00000b6c,2.855469,1,1,1,271,1.355
714,0x0000f4cc,-2.800781,0,1,0,271,1.355
715,0x0000f078,-3.882812,0,1,0,271,1.355
716,0x0000f640,-2.437500,0,1,0,271,1.355
717,0x00002044,8.066406,1,1,1,271,1.355
718,0x0000ef44,-4.183594,0,1,0,271,1.355
719,0x000016f8,5.742188,1,1,1,271,1.355
720,0x0000f318,-3.226562,0,1,0,271,1.355
721,0x0000f4b8,-2.820312,0,1,0,271,1.355
722,0x0000f40c,-2.988281,0,1,0,271,1.355
723,0x0000f0f8,-3.757812,0,1,0,271,1.355
724,0x0000f31c,-3.222656,0,1,0,271,1.355
725,0x0000ec7c,-4.878906,0,1,0,271,1.355
726,0x0000f4e8,-2.773438,0,1,0,271,1.355
727,0x0000349c,13.152344,1,1,1,271,1.355
728,0x0000f4ac,-2.832031,0,1,0,271,1.355
729,0x0000f068,-3.898438,0,1,0,271,1.355
730,0x0000f3a8,-3.085938,0,1,0,271,1.355
731,0x0000eddc,-4.535156,0,1,0,271,1.355
732,0x0000f148,-3.679688,0,1,0,271,1.355
733,0x0000f414,-2.980469,0,1,0,271,1.355
734,0x0000f434,-2.949219,0,1,0,271,1.355
735,0x0000f330,-3.203125,0,1,0,271,1.355
736,0x0000f0b0,-3.828125,0,1,0,271,1.355
737,0x0000f100,-3.750000,0,1,0,271,1.355
738,0x00001a4c,6.574219,1,1,1,271,1.355
739,0x0000f454,-2.917969,0,1,0,271,1.355
740,0x0000eeb8,-4.320312,0,1,0,271,1.355
741,0x0000f418,-2.976562,0,1,0,271,1.355
742,0x0000f0d8,-3.789062,0,1,0,271,1.355
743,0x00000f6c,3.855469,1,1,1,271,1.355
744,0x0000f3c4,-3.058594,0,1,0,271,1.355
745,0x00001350,4.828125,1,1,1,271,1.355
746,0x0000ec54,-4.917969,0,1,0,271,1.355
747,0x0000f588,-2.617188,0,1,0,271,1.355
748,0x0000f2f4,-3.261719,0,1,0,271,1.355
749,0x0000f198,-3.601562,0,1,0,271,1.355
750,0x0000f574,-2.636719,0,1,0,271,1.355
751,0x0000eb9c,-5.097656,0,1,0,271,1.355
752,0x0000f488,-2.867188,0,1,0,271,1.355
753,0x0000f3bc,-3.066406,0,1,0,271,1.355
754,0x0000f63c,-2.441406,0,1,0,271,1.355
755,0x0000f55c,-2.660156,0,1,0,271,1.355
756,0x0000efd4,-4.042969,0,1,0,271,1.355
757,0x0000f758,-2.164062,0,1,0,271,1.355
758,0x0000f574,-2.636719,0,1,0,271,1.355
759,0x0000f64c,-2.425781,0,1,0,271,1.355
760,0x0000ee40,-4.437500,0,1,0,271,1.355
761,0x0000f624,-2.464844,0,1,0,271,1.355
762,0x0000efd0,-4.046875,0,1,0,271,1.355
763,0x0000f830,-1.953125,0,1,0,271,1.355
764,0x0000f154,-3.667969,0,1,0,271,1.355
765,0x0000ee68,-4.398438,0,1,0,271,1.355
766,0x0000f498,-2.851562,0,1,0,271,1.355
767,0x0000f144,-3.683594,0,1,0,271,1.355
768,0x0000f938,-1.695312,0,1,0,271,1.355
769,0x0000f058,-3.914062,0,1,0,271,1.355
770,0x0000f138,-3.695312,0,1,0,271,1.355
771,0x0000f4c4,-2.808594,0,1,0,271,1.355
772,0x0000f44c,-2.925781,0,1,0,271,1.355
773,0x0000f290,-3.359375,0,1,0,271,1.355
774,0x0000fc5c,-0.910156,1,1,1,271,1.355
775,0x0000f148,-3.679688,0,1,0,271,1.355
776,0x0000ef40,-4.187500,0,1,0,271,1.355
777,0x0000f310,-3.234375,0,1,0,271,1.355
778,0x00000a84,2.628906,1,1,1,271,1.355
779,0x0000f218,-3.476562,0,1,0,271,1.355
780,0x0000f3b0,-3.078125,0,1,0,271,1.355
781,0x000005f0,1.484375,1,1,1,271,1.355
782,0x0000ece4,-4.777344,0,1,0,271,1.355
783,0x00000608,1.507812,1,1,1,271,1.355
784,0x0000f090,-3.859375,0,1,0,271,1.355
785,0x0000eef4,-4.261719,0,1,0,271,1.355
786,0x0000ee90,-4.359375,0,1,0,271,1.355
787,0x0000f200,-3.500000,0,1,0,271,1.355
788,0x0000f344,-3.183594,0,1,0,271,1.355
789,0x0000f5c8,-2.554688,0,1,0,271,1.355
790,0x0000ee08,-4.492188,0,1,0,271,1.355
791,0x00004bb0,18.921875,1,1,1,271,1.355
792,0x00003478,13.117188,1,1,1,271,1.355
793,0x0000ec28,-4.960938,0,1,0,271,1.355
794,0x0000f48c,-2.863281,0,1,0,271,1.355
795,0x00000d6c,3.355469,1,1,1,271,1.355
796,0x0000f404,-2.996094,0,1,0,271,1.355
797,0x0000efd0,-4.046875,0,1,0,271,1.355
798,0x0000efb0,-4.078125,0,1,0,271,1.355
799,0x0000ef4c,-4.175781,0,1,0,271,1.355
800,0x0000f3f0,-3.015625,0,1,0,271,1.355
801,0x0000ef8c,-4.113281,0,1,0,271,1.355
802,0x00000438,1.054688,1,1,1,271,1.355
803,0x0000f0e8,-3.773438,0,1,0,271,1.355
804,0x0000ef24,-4.214844,0,1,0,271,1.355
805,0x0000f99c,-1.597656,0,1,0,271,1.355
806,0x0000f2d0,-3.296875,0,1,0,271,1.355
807,0x0000f1b4,-3.574219,0,1,0,271,1.355
808,0x00000148,0.320312,1,1,1,271,1.355
809,0x00003248,12.570312,1,1,1,271,1.355
810,0x000002cc,0.699219,1,1,1,271,1.355
811,0x0000ef9c,-4.097656,0,1,0,271,1.355
812,0x0000f36c,-3.144531,0,1,0,271,1.355
813,0x0000ef98,-4.101562,0,1,0,271,1.355
814,0x0000edd4,-4.542969,0,1,0,271,1.355
815,0x0000f450,-2.921875,0,1,0,271,1.355
816,0x0000f25c,-3.410156,0,1,0,271,1.355
817,0x0000f85c,-1.910156,0,1,0,271,1.355
818,0x0000f4fc,-2.753906,0,1,0,271,1.355
819,0x000028c0,10.187500,1,1,1,271,1.355
820,0x0000eedc,-4.285156,0,1,0,271,1.355
821,0x0000e87c,-5.878906,0,1,0,271,1.355
822,0x0000f098,-3.851562,0,1,0,271,1.355
823,0x0000f2a0,-3.343750,0,1,0,271,1.355
824,0x0000f600,-2.500000,0,1,0,271,1.355
825,0x0000f134,-3.699219,0,1,0,271,1.355
826,0x0000f708,-2.242188,0,1,0,271,1.355
827,0x0000ef64,-4.152344,0,1,0,271,1.355
828,0x0000f4f0,-2.765625,0,1,0,271,1.355
829,0x0000f2e4,-3.277344,0,1,0,271,1.355
830,0x0000f528,-2.710938,0,1,0,271,1.355
831,0x0000f5d4,-2.542969,0,1,0,271,1.355
832,0x0000f558,-2.664062,0,1,0,271,1.355
833,0x0000ea90,-5.359375,0,1,0,271,1.355
834,0x0000ff9c,-0.097656,0,1,0,271,1.355
835,0x0000f01c,-3.972656,0,1,0,271,1.355
836,0x0000f7a8,-2.085938,0,1,0,271,1.355
837,0x0000fb3c,-1.191406,1,1,1,271,1.355
838,0x0000f7c0,-2.062500,0,1,0,271,1.355
839,0x0000f5e8,-2.523438,0,1,0,271,1.355
840,0x0000f0bc,-3.816406,0,1,0,271,1.355
841,0x0000efc4,-4.058594,0,1,0,271,1.355
842,0x0000ef50,-4.171875,0,1,0,271,1.355
843,0x0000f2a0,-3.343750,0,1,0,271,1.355
844,0x0000eeb0,-4.328125,0,1,0,271,1.355
845,0x00000428,1.039062,1,1,1,271,1.355
846,0x0000f324,-3.214844,0,1,0,271,1.355
847,0x0000f17c,-3.628906,0,1,0,271,1.355
848,0x0000f578,-2.632812,0,1,0,271,1.355
849,0x0000f3cc,-3.050781,0,1,0,271,1.355
850,0x0000eedc,-4.285156,0,1,0,271,1.355
851,0x0000f368,-3.148438,0,1,0,271,1.355
852,0x00000754,1.832031,1,1,1,271,1.355
853,0x0000f418,-2.976562,0,1,0,271,1.355
854,0x00001d1c,7.277344,1,1,1,271,1.355
855,0x0000f258,-3.414062,0,1,0,271,1.355
856,0x000033ac,12.917969,1,1,1,271,1.355
857,0x0000edb8,-4.570312,0,1,0,271,1.355
858,0x0000f070,-3.890625,0,1,0,271,1.355
859,0x0000ef50,-4.171875,0,1,0,271,1.355
860,0x0000ebcc,-5.050781,0,1,0,271,1.355
861,0x0000eff8,-4.007812,0,1,0,271,1.355
862,0x0000f0c4,-3.808594,0,1,0,271,1.355
863,0x0000f270,-3.390625,0,1,0,271,1.355
864,0x0000f280,-3.375000,0,1,0,271,1.355
865,0x0000f730,-2.203125,0,1,0,271,1.355
866,0x0000f51c,-2.722656,0,1,0,271,1.355
867,0x0000ef64,-4.152344,0,1,0,271,1.355
868,0x0000ea44,-5.433594,0,1,0,271,1.355
869,0x00002ee8,11.726562,1,1,1,271,1.355
870,0x0000ed68,-4.648438,0,1,0,271,1.355
871,0x0000ef7c,-4.128906,0,1,0,271,1.355
872,0x0000f398,-3.101562,0,1,0,271,1.355
873,0x0000ef64,-4.152344,0,1,0,271,1.355
874,0x0000f024,-3.964844,0,1,0,271,1.355
875,0x0000eddc,-4.535156,0,1,0,271,1.355
876,0x0000f338,-3.195312,0,1,0,271,1.355
877,0x0000f2c8,-3.304688,0,1,0,271,1.355
878,0x0000ee64,-4.402344,0,1,0,271,1.355
879,0x0000f17c,-3.628906,0,1,0,271,1.355
880,0x0000ee94,-4.355469,0,1,0,271,1.355
881,0x00001ba4,6.910156,1,1,1,271,1.355
882,0x0000f0e0,-3.781250,0,1,0,271,1.355
883,0x0000f168,-3.648438,0,1,0,271,1.355
884,0x0000edf8,-4.507812,0,1,0,271,1.355
885,0x0000ef30,-4.203125,0,1,0,271,1.355
886,0x0000ee84,-4.371094,0,1,0,271,1.355
887,0x0000f8e8,-1.773438,0,1,0,271,1.355
888,0x000023dc,8.964844,1,1,1,271,1.355
889,0x0000f72c,-2.207031,0,1,0,271,1.355
890,0x0000f218,-3.476562,0,1,0,271,1.355
891,0x0000f390,-3.109375,0,1,0,271,1.355
892,0x0000f140,-3.687500,0,1,0,271,1.355
893,0x0000f384,-3.121094,0,1,0,271,1.355
894,0x00000ae8,2.726562,1,1,1,271,1.355
895,0x0000f0a0,-3.843750,0,1,0,271,1.355
896,0x00002750,9.828125,1,1,1,271,1.355
897,0x0000f444,-2.933594,0,1,0,271,1.355
898,0x0000f500,-2.750000,0,1,0,271,1.355
899,0x0000f4b0,-2.828125,0,1,0,271,1.355
900,0x0000ec10,-4.984375,0,1,0,271,1.355
901,0x0000f1ac,-3.582031,0,1,0,271,1.355
902,0x0000ed90,-4.609375,0,1,0,271,1.355
903,0x0000f1c0,-3.562500,0,1,0,271,1.355
904,0x00001804,6.003906,1,1,1,271,1.355
905,0x0000edb0,-4.578125,0,1,0,271,1.355
906,0x0000f19c,-3.597656,0,1,0,271,1.355
907,0x0000ebdc,-5.035156,0,1,0,271,1.355
908,0x0000ed30,-4.703125,0,1,0,271,1.355
909,0x0000f290,-3.359375,0,1,0,271,1.355
910,0x0000efe0,-4.031250,0,1,0,271,1.355
911,0x0000ef08,-4.242188,0,1,0,271,1.355
912,0x00000e8c,3.636719,1,1,1,271,1.355
913,0x0000f3bc,-3.066406,0,1,0,271,1.355
914,0x0000fe68,-0.398438,1,1,1,271,1.355
915,0x0000ec04,-4.996094,0,1,0,271,1.355
916,0x00001dd4,7.457031,1,1,1,271,1.355
917,0x0000f380,-3.125000,0,1,0,271,1.355
918,0x0000f06c,-3.894531,0,1,0,271,1.355
919,0x0000f1ec,-3.519531,0,1,0,271,1.355
920,0x0000ef88,-4.117188,0,1,0,271,1.355
921,0x0000f5d4,-2.542969,1,1,1,271,1.355
922,0x0000ee5c,-4.410156,0,1,0,271,1.355
923,0x000019c0,6.437500,1,1,1,271,1.355
924,0x00000cb0,3.171875,1,1,1,271,1.355
925,0x0000096c,2.355469,1,1,1,271,1.355
926,0x0000f508,-2.742188,0,1,0,271,1.355
927,0x0000f20c,-3.488281,0,1,0,271,1.355
928,0x0000f378,-3.132812,0,1,0,271,1.355
929,0x0000f19c,-3.597656,0,1,0,271,1.355
930,0x0000f098,-3.851562,0,1,0,271,1.355
931,0x0000f2e4,-3.277344,0,1,0,271,1.355
932,0x0000f7dc,-2.035156,0,1,0,271,1.355
933,0x00007ef4,31.738281,1,1,1,271,1.355
934,0x0000ef4c,-4.175781,0,1,0,271,1.355
935,0x0000ed00,-4.750000,0,1,0,271,1.355
936,0x0000f578,-2.632812,0,1,0,271,1.355
937,0x00000100,0.250000,1,1,1,271,1.355
938,0x0000f1bc,-3.566406,0,1,0,271,1.355
939,0x0000ef28,-4.210938,0,1,0,271,1.355
940,0x0000ef84,-4.121094,0,1,0,271,1.355
941,0x0000ee78,-4.382812,0,1,0,271,1.355
942,0x0000f164,-3.652344,0,1,0,271,1.355
943,0x0000f764,-2.152344,0,1,0,271,1.355
944,0x0000f0f8,-3.757812,0,1,0,271,1.355
945,0x0000f3c4,-3.058594,0,1,0,271,1.355
946,0x0000f298,-3.351562,0,1,0,271,1.355
947,0x0000f4b0,-2.828125,0,1,0,271,1.355
948,0x0000f30c,-3.238281,0,1,0,271,1.355
949,0x0000f448,-2.929688,0,1,0,271,1.355
950,0x00001fd8,7.960938,1,1,1,271,1.355
951,0x0000f140,-3.687500,0,1,0,271,1.355
952,0x0000f37c,-3.128906,0,1,0,271,1.355
953,0x0000f204,-3.496094,0,1,0,271,1.355
954,0x0000f664,-2.402344,0,1,0,271,1.355
955,0x0000f3e4,-3.027344,0,1,0,271,1.355
956,0x0000f1f8,-3.507812,0,1,0,271,1.355
957,0x0000f01c,-3.972656,0,1,0,271,1.355
958,0x0000fc30,-0.953125,0,1,0,271,1.355
959,0x0000f544,-2.683594,0,1,0,271,1.355
960,0x0000f1ac,-3.582031,0,1,0,271,1.355
961,0x00004eec,19.730469,1,1,1,271,1.355
962,0x0000f874,-1.886719,0,1,0,271,1.355
963,0x0000ec70,-4.890625,0,1,0,271,1.355
964,0x0000f028,-3.960938,0,1,0,271,1.355
965,0x0000eed0,-4.296875,0,1,0,271,1.355
966,0x000002d8,0.710938,1,1,1,271,1.355
967,0x0000f094,-3.855469,0,1,0,271,1.355
968,0x0000f17c,-3.628906,0,1,0,271,1.355
969,0x0000eb30,-5.203125,0,1,0,271,1.355
970,0x000015a0,5.406250,1,1,1,271,1.355
971,0x000004ac,1.167969,1,1,1,271,1.355
972,0x0000f430,-2.953125,0,1,0,271,1.355
973,0x0000f150,-3.671875,0,1,0,271,1.355
974,0x0000f224,-3.464844,0,1,0,271,1.355
975,0x0000f148,-3.679688,0,1,0,271,1.355
976,0x0000f35c,-3.160156,0,1,0,271,1.355
977,0x0000f088,-3.867188,0,1,0,271,1.355
978,0x0000ef34,-4.199219,0,1,0,271,1.355
979,0x0000f848,-1.929688,0,1,0,271,1.355
980,0x0000ef60,-4.156250,0,1,0,271,1.355
981,0x0000f138,-3.695312,0,1,0,271,1.355
982,0x0000f21c,-3.472656,0,1,0,271,1.355
983,0x0000fa0c,-1.488281,0,1,0,271,1.355
984,0x00000084,0.128906,1,1,1,271,1.355
985,0x0000f460,-2.906250,0,1,0,271,1.355
986,0x0000f3a0,-3.093750,0,1,0,271,1.355
987,0x0000f29c,-3.347656,0,1,0,271,1.355
988,0x0000f1b0,-3.578125,0,1,0,271,1.355
989,0x0000f4b8,-2.820312,0,1,0,271,1.355
990,0x0000f0e8,-3.773438,0,1,0,271,1.355
991,0x0000efec,-4.019531,0,1,0,271,1.355
992,0x0000fffc,-0.003906,1,1,1,271,1.355
993,0x0000ee1c,-4.472656,0,1,0,271,1.355
994,0x0000f1a4,-3.589844,0,1,0,271,1.355
995,0x0000f458,-2.914062,0,1,0,271,1.355
996,0x000001f8,0.492188,1,1,1,271,1.355
997,0x0000f0d0,-3.796875,0,1,0,271,1.355
998,0x0000f47c,-2.878906,0,1,0,271,1.355
999,0x0000f0dc,-3.785156,0,1,0,271,1.355
