sample_id,label_csv,label_npy,rtl_score,rtl_prediction,rtl_correct,keras_score,keras_prediction,keras_correct,prediction_agree,both_correct,score_diff,abs_score_diff
0,0,0,-3.070312,1,0,-2.625,0,1,0,0,-0.44531199999999993,0.44531199999999993
1,0,0,-5.230469,1,0,-4.75390625,0,1,0,0,-0.47656275000000026,0.47656275000000026
2,0,0,-3.695312,1,0,-3.46484375,0,1,0,0,-0.23046824999999993,0.23046824999999993
3,0,0,-3.972656,1,0,-3.62109375,0,1,0,0,-0.3515622500000002,0.3515622500000002
4,0,0,-1.3125,1,0,-0.890625,0,1,0,0,-0.421875,0.421875
5,0,0,-4.320312,1,0,-3.32421875,0,1,0,0,-0.9960932500000004,0.9960932500000004
6,0,0,-4.113281,1,0,-3.26953125,0,1,0,0,-0.8437497499999997,0.8437497499999997
7,0,0,-3.949219,1,0,-3.51953125,0,1,0,0,-0.4296877499999998,0.4296877499999998
8,0,0,-2.730469,1,0,-2.109375,0,1,0,0,-0.6210939999999998,0.6210939999999998
9,1,1,3.472656,1,1,5.67578125,1,1,1,1,-2.20312525,2.20312525
10,0,0,-3.621094,1,0,-2.8046875,0,1,0,0,-0.8164064999999998,0.8164064999999998
11,0,0,-2.988281,1,0,-2.62109375,0,1,0,0,-0.3671872500000002,0.3671872500000002
12,0,0,-3.335938,1,0,-2.3359375,0,1,0,0,-1.0000005,1.0000005
13,0,0,-4.007812,1,0,-3.18359375,0,1,0,0,-0.8242182500000004,0.8242182500000004
14,0,0,-3.746094,1,0,-3.1875,0,1,0,0,-0.5585939999999998,0.5585939999999998
15,0,0,-2.738281,1,0,-1.83203125,0,1,0,0,-0.9062497500000002,0.9062497500000002
16,0,0,-4.367188,1,0,-3.9765625,0,1,0,0,-0.3906254999999996,0.3906254999999996
17,1,1,5.625,1,1,7.73828125,1,1,1,1,-2.11328125,2.11328125
18,0,0,-4.398438,1,0,-3.53515625,0,1,0,0,-0.8632817499999996,0.8632817499999996
19,0,0,-2.480469,1,0,-1.9140625,0,1,0,0,-0.5664064999999998,0.5664064999999998
20,0,0,-3.210938,1,0,-2.25390625,0,1,0,0,-0.9570317500000001,0.9570317500000001
21,0,0,-3.28125,1,0,-2.54296875,0,1,0,0,-0.73828125,0.73828125
22,0,0,-3.566406,1,0,-3.18359375,0,1,0,0,-0.3828122500000002,0.3828122500000002
23,0,0,-3.289062,1,0,-2.5859375,0,1,0,0,-0.7031244999999999,0.7031244999999999
24,0,0,-4.933594,1,0,-4.16015625,0,1,0,0,-0.7734377500000003,0.7734377500000003
25,0,0,-4.214844,1,0,-3.515625,0,1,0,0,-0.6992190000000003,0.6992190000000003
26,0,0,-3.363281,1,0,-3.1484375,0,1,0,0,-0.2148435000000002,0.2148435000000002
27,0,0,-2.292969,1,0,-2.28125,0,1,0,0,-0.011718999999999813,0.011718999999999813
28,0,0,-2.585938,1,0,-1.52734375,0,1,0,0,-1.05859425,1.05859425
29,0,0,-1.886719,1,0,-0.77734375,0,1,0,0,-1.10937525,1.10937525
30,0,0,-5.234375,1,0,-4.23828125,0,1,0,0,-0.99609375,0.99609375
31,0,0,-3.109375,1,0,-2.91015625,0,1,0,0,-0.19921875,0.19921875
32,0,0,-4.695312,1,0,-4.1953125,0,1,0,0,-0.4999995000000004,0.4999995000000004
33,0,0,-3.136719,1,0,-2.421875,0,1,0,0,-0.7148439999999998,0.7148439999999998
34,0,0,-4.003906,1,0,-3.3125,0,1,0,0,-0.6914059999999997,0.6914059999999997
35,0,0,-3.957031,1,0,-3.73046875,0,1,0,0,-0.2265622500000002,0.2265622500000002
36,0,0,-2.445312,1,0,-2.19140625,0,1,0,0,-0.25390574999999993,0.25390574999999993
37,0,0,-4.046875,1,0,-3.34375,0,1,0,0,-0.703125,0.703125
38,1,1,10.546875,1,1,11.84765625,1,1,1,1,-1.30078125,1.30078125
39,1,1,-0.410156,1,1,-0.27734375,0,0,0,0,-0.13281225000000002,0.13281225000000002
40,1,1,11.382812,1,1,11.49609375,1,1,1,1,-0.11328175000000051,0.11328175000000051
41,1,1,1.941406,1,1,3.35546875,1,1,1,1,-1.41406275,1.41406275
42,1,1,7.152344,1,1,8.18359375,1,1,1,1,-1.0312497499999997,1.0312497499999997
43,0,0,-2.800781,1,0,-2.50390625,0,1,0,0,-0.2968747500000002,0.2968747500000002
44,0,0,-4.3125,1,0,-3.29296875,0,1,0,0,-1.01953125,1.01953125
45,1,1,3.765625,1,1,5.58984375,1,1,1,1,-1.82421875,1.82421875
46,0,0,-2.015625,1,0,-1.4296875,0,1,0,0,-0.5859375,0.5859375
47,0,0,-2.71875,1,0,-2.734375,0,1,0,0,0.015625,0.015625
48,1,1,0.757812,1,1,2.37109375,1,1,1,1,-1.61328175,1.61328175
49,0,0,-3.359375,1,0,-2.56640625,0,1,0,0,-0.79296875,0.79296875
50,1,1,2.347656,1,1,3.1875,1,1,1,1,-0.8398439999999998,0.8398439999999998
51,1,1,10.285156,1,1,11.76953125,1,1,1,1,-1.4843752499999994,1.4843752499999994
52,0,0,-3.953125,1,0,-3.40625,0,1,0,0,-0.546875,0.546875
53,0,0,-4.066406,1,0,-3.42578125,0,1,0,0,-0.6406247499999997,0.6406247499999997
54,0,0,-4.1875,1,0,-3.34765625,0,1,0,0,-0.83984375,0.83984375
55,1,1,6.390625,1,1,6.83203125,1,1,1,1,-0.44140625,0.44140625
56,0,0,-3.679688,1,0,-3.39453125,0,1,0,0,-0.28515675000000007,0.28515675000000007
57,1,1,-0.773438,1,1,0.23046875,0,0,0,0,-1.00390675,1.00390675
58,1,1,3.324219,1,1,4.234375,1,1,1,1,-0.9101560000000002,0.9101560000000002
59,0,0,-2.117188,1,0,-0.52734375,0,1,0,0,-1.58984425,1.58984425
60,0,0,-5.171875,1,0,-4.34765625,0,1,0,0,-0.82421875,0.82421875
61,0,0,-5.15625,1,0,-4.02734375,0,1,0,0,-1.12890625,1.12890625
62,0,0,-2.699219,1,0,-2.421875,0,1,0,0,-0.2773439999999998,0.2773439999999998
63,0,0,-4.007812,1,0,-2.984375,0,1,0,0,-1.0234370000000004,1.0234370000000004
64,0,0,-3.703125,1,0,-3.61328125,0,1,0,0,-0.08984375,0.08984375
65,0,0,-4.054688,1,0,-3.23828125,0,1,0,0,-0.8164067499999996,0.8164067499999996
66,0,0,-1.445312,1,0,-0.88671875,0,1,0,0,-0.5585932499999999,0.5585932499999999
67,0,0,-2.535156,1,0,-2.31640625,0,1,0,0,-0.2187497500000002,0.2187497500000002
68,0,0,-2.863281,1,0,-2.3359375,0,1,0,0,-0.5273435000000002,0.5273435000000002
69,0,0,-3.292969,1,0,-2.9296875,0,1,0,0,-0.3632814999999998,0.3632814999999998
70,0,0,-2.773438,1,0,-1.80078125,0,1,0,0,-0.9726567500000001,0.9726567500000001
71,0,0,-2.917969,1,0,-2.59375,0,1,0,0,-0.3242189999999998,0.3242189999999998
72,0,0,-4.011719,1,0,-3.0234375,0,1,0,0,-0.9882815000000003,0.9882815000000003
73,0,0,-3.675781,1,0,-2.51171875,0,1,0,0,-1.1640622500000002,1.1640622500000002
74,0,0,-1.925781,1,0,-0.58984375,0,1,0,0,-1.33593725,1.33593725
75,0,0,-3.6875,1,0,-2.91796875,0,1,0,0,-0.76953125,0.76953125
76,1,1,16.875,1,1,16.0625,1,1,1,1,0.8125,0.8125
77,0,0,-3.523438,1,0,-2.76953125,0,1,0,0,-0.7539067500000001,0.7539067500000001
78,0,0,-2.535156,1,0,-2.0,0,1,0,0,-0.5351560000000002,0.5351560000000002
79,0,0,-2.535156,1,0,-1.9375,0,1,0,0,-0.5976560000000002,0.5976560000000002
80,0,0,-2.472656,1,0,-0.98046875,0,1,0,0,-1.4921872500000002,1.4921872500000002
81,0,0,-2.296875,1,0,-1.359375,0,1,0,0,-0.9375,0.9375
82,0,0,-3.941406,1,0,-3.30078125,0,1,0,0,-0.6406247500000002,0.6406247500000002
83,0,0,-4.589844,1,0,-3.98828125,0,1,0,0,-0.6015627500000003,0.6015627500000003
84,0,0,-3.410156,1,0,-2.81640625,0,1,0,0,-0.5937497500000002,0.5937497500000002
85,1,1,1.796875,1,1,2.72265625,1,1,1,1,-0.92578125,0.92578125
86,0,0,-3.367188,1,0,-2.51953125,0,1,0,0,-0.8476567500000001,0.8476567500000001
87,0,0,-2.621094,1,0,-1.79296875,0,1,0,0,-0.8281252499999998,0.8281252499999998
88,0,0,-2.757812,1,0,-2.3828125,0,1,0,0,-0.37499949999999993,0.37499949999999993
89,0,0,-3.066406,1,0,-2.03125,0,1,0,0,-1.0351560000000002,1.0351560000000002
90,0,0,-2.570312,1,0,-1.87109375,0,1,0,0,-0.6992182499999999,0.6992182499999999
91,0,0,-3.101562,1,0,-2.08203125,0,1,0,0,-1.01953075,1.01953075
92,0,0,-2.230469,1,0,-1.69140625,0,1,0,0,-0.5390627499999998,0.5390627499999998
93,0,0,-3.179688,1,0,-2.85546875,0,1,0,0,-0.32421925000000007,0.32421925000000007
94,0,0,-2.378906,1,0,-1.4375,0,1,0,0,-0.9414060000000002,0.9414060000000002
95,0,0,-3.796875,1,0,-3.25390625,0,1,0,0,-0.54296875,0.54296875
96,0,0,-3.769531,1,0,-2.9921875,0,1,0,0,-0.7773435000000002,0.7773435000000002
97,1,1,5.804688,1,1,6.53125,1,1,1,1,-0.7265620000000004,0.7265620000000004
98,1,1,0.511719,1,1,1.453125,1,1,1,1,-0.941406,0.941406
99,0,0,-3.742188,1,0,-3.23046875,0,1,0,0,-0.5117192500000001,0.5117192500000001
100,0,0,-3.109375,1,0,-2.28515625,0,1,0,0,-0.82421875,0.82421875
101,0,0,-2.847656,1,0,-1.82421875,0,1,0,0,-1.0234372500000002,1.0234372500000002
102,0,0,-4.175781,1,0,-3.0390625,0,1,0,0,-1.1367184999999997,1.1367184999999997
103,0,0,-4.34375,1,0,-4.03125,0,1,0,0,-0.3125,0.3125
104,0,0,-3.777344,1,0,-3.40625,0,1,0,0,-0.3710939999999998,0.3710939999999998
105,1,1,-1.785156,1,1,-0.53125,0,0,0,0,-1.253906,1.253906
106,1,1,10.804688,1,1,10.8125,1,1,1,1,-0.007811999999999486,0.007811999999999486
107,0,0,-4.789062,1,0,-4.3828125,0,1,0,0,-0.4062495000000004,0.4062495000000004
108,0,0,-4.617188,1,0,-4.08203125,0,1,0,0,-0.5351567499999996,0.5351567499999996
109,0,0,-4.164062,1,0,-3.53125,0,1,0,0,-0.6328120000000004,0.6328120000000004
110,0,0,-4.238281,1,0,-3.79296875,0,1,0,0,-0.44531224999999974,0.44531224999999974
111,0,0,-3.914062,1,0,-3.0078125,0,1,0,0,-0.9062494999999999,0.9062494999999999
112,0,0,-3.078125,1,0,-2.5,0,1,0,0,-0.578125,0.578125
113,0,0,-3.878906,1,0,-3.10546875,0,1,0,0,-0.7734372500000002,0.7734372500000002
114,0,0,-4.246094,1,0,-3.24609375,0,1,0,0,-1.0000002500000003,1.0000002500000003
115,0,0,-4.433594,1,0,-3.93359375,0,1,0,0,-0.5000002500000003,0.5000002500000003
116,0,0,-3.390625,1,0,-2.7421875,0,1,0,0,-0.6484375,0.6484375
117,0,0,-3.929688,1,0,-3.25,0,1,0,0,-0.6796880000000001,0.6796880000000001
118,0,0,-2.761719,1,0,-2.42578125,0,1,0,0,-0.3359377499999998,0.3359377499999998
119,0,0,-3.324219,1,0,-2.515625,0,1,0,0,-0.8085939999999998,0.8085939999999998
120,0,0,-4.582031,1,0,-3.84375,0,1,0,0,-0.7382809999999997,0.7382809999999997
121,1,1,17.855469,1,1,15.62109375,1,1,1,1,2.2343752499999994,2.2343752499999994
122,0,0,-2.882812,1,0,-2.44921875,0,1,0,0,-0.43359324999999993,0.43359324999999993
123,0,0,-1.679688,1,0,-0.98046875,0,1,0,0,-0.6992192500000001,0.6992192500000001
124,0,0,-2.367188,1,0,-1.19921875,0,1,0,0,-1.16796925,1.16796925
125,1,1,-2.027344,1,1,-1.1953125,0,0,0,0,-0.8320314999999998,0.8320314999999998
126,0,0,-3.210938,1,0,-3.1171875,0,1,0,0,-0.09375050000000007,0.09375050000000007
127,1,1,6.121094,1,1,7.82421875,1,1,1,1,-1.7031247499999997,1.7031247499999997
128,0,0,-3.332031,1,0,-2.39453125,0,1,0,0,-0.9374997500000002,0.9374997500000002
129,0,0,-3.328125,1,0,-3.390625,0,1,0,0,0.0625,0.0625
130,0,0,-4.332031,1,0,-3.83203125,0,1,0,0,-0.49999974999999974,0.49999974999999974
131,0,0,-4.6875,1,0,-4.1796875,0,1,0,0,-0.5078125,0.5078125
132,0,0,-3.652344,1,0,-3.1796875,0,1,0,0,-0.4726564999999998,0.4726564999999998
133,0,0,-3.28125,1,0,-3.08203125,0,1,0,0,-0.19921875,0.19921875
134,0,0,-3.554688,1,0,-2.96484375,0,1,0,0,-0.5898442500000001,0.5898442500000001
135,1,1,1.238281,1,1,2.23828125,1,1,1,1,-1.00000025,1.00000025
136,0,0,-4.171875,1,0,-3.5703125,0,1,0,0,-0.6015625,0.6015625
137,0,0,-2.292969,1,0,-1.48828125,0,1,0,0,-0.8046877499999998,0.8046877499999998
138,0,0,-2.273438,1,0,-1.8515625,0,1,0,0,-0.42187550000000007,0.42187550000000007
139,0,0,-3.394531,1,0,-2.578125,0,1,0,0,-0.8164060000000002,0.8164060000000002
140,0,0,-3.105469,1,0,-2.2578125,0,1,0,0,-0.8476564999999998,0.8476564999999998
141,0,0,-3.40625,1,0,-2.87109375,0,1,0,0,-0.53515625,0.53515625
142,0,0,-3.203125,1,0,-2.62109375,0,1,0,0,-0.58203125,0.58203125
143,0,0,-2.523438,1,0,-1.76953125,0,1,0,0,-0.7539067500000001,0.7539067500000001
144,0,0,-4.144531,1,0,-3.5,0,1,0,0,-0.6445309999999997,0.6445309999999997
145,1,1,2.585938,1,1,3.66796875,1,1,1,1,-1.08203075,1.08203075
146,0,0,-3.996094,1,0,-3.41796875,0,1,0,0,-0.5781252499999998,0.5781252499999998
147,0,0,-1.714844,1,0,-1.3203125,0,1,0,0,-0.39453150000000003,0.39453150000000003
148,0,0,-3.167969,1,0,-1.8828125,0,1,0,0,-1.2851564999999998,1.2851564999999998
149,0,0,-3.183594,1,0,-2.2265625,0,1,0,0,-0.9570314999999998,0.9570314999999998
150,0,0,-4.703125,1,0,-4.18359375,0,1,0,0,-0.51953125,0.51953125
151,1,1,6.566406,1,1,8.1328125,1,1,1,1,-1.5664065000000003,1.5664065000000003
152,1,1,14.675781,1,1,11.95703125,1,1,1,1,2.7187497500000006,2.7187497500000006
153,1,1,13.832031,1,1,14.44140625,1,1,1,1,-0.6093752499999994,0.6093752499999994
154,0,0,-3.410156,1,0,-2.66015625,0,1,0,0,-0.7499997500000002,0.7499997500000002
155,0,0,-3.65625,1,0,-2.71875,0,1,0,0,-0.9375,0.9375
156,0,0,-3.035156,1,0,-1.96484375,0,1,0,0,-1.0703122500000002,1.0703122500000002
157,1,1,7.386719,1,1,8.1328125,1,1,1,1,-0.7460934999999997,0.7460934999999997
158,0,0,-2.535156,1,0,-1.65234375,0,1,0,0,-0.8828122500000002,0.8828122500000002
159,1,1,4.8125,1,1,5.359375,1,1,1,1,-0.546875,0.546875
160,0,0,-3.027344,1,0,-2.55078125,0,1,0,0,-0.4765627499999998,0.4765627499999998
161,0,0,-3.746094,1,0,-3.42578125,0,1,0,0,-0.3203127499999998,0.3203127499999998
162,0,0,-3.617188,1,0,-3.26953125,0,1,0,0,-0.34765675000000007,0.34765675000000007
163,0,0,-3.074219,1,0,-2.31640625,0,1,0,0,-0.7578127499999998,0.7578127499999998
164,0,0,-3.21875,1,0,-2.82421875,0,1,0,0,-0.39453125,0.39453125
165,0,0,-5.109375,1,0,-4.83203125,0,1,0,0,-0.27734375,0.27734375
166,0,0,-3.164062,1,0,-2.64453125,0,1,0,0,-0.5195307499999999,0.5195307499999999
167,1,1,1.75,1,1,2.9765625,1,1,1,1,-1.2265625,1.2265625
168,0,0,-2.957031,1,0,-1.7734375,0,1,0,0,-1.1835935000000002,1.1835935000000002
169,0,0,-3.925781,1,0,-3.15625,0,1,0,0,-0.7695310000000002,0.7695310000000002
170,0,0,-2.722656,1,0,-1.8125,0,1,0,0,-0.9101560000000002,0.9101560000000002
171,0,0,-4.3125,1,0,-3.91015625,0,1,0,0,-0.40234375,0.40234375
172,0,0,-1.402344,1,0,-0.609375,0,1,0,0,-0.792969,0.792969
173,0,0,-3.890625,1,0,-3.62890625,0,1,0,0,-0.26171875,0.26171875
174,0,0,-2.824219,1,0,-1.90625,0,1,0,0,-0.9179689999999998,0.9179689999999998
175,0,0,-3.300781,1,0,-2.59375,0,1,0,0,-0.7070310000000002,0.7070310000000002
176,0,0,-3.003906,1,0,-2.7109375,0,1,0,0,-0.2929685000000002,0.2929685000000002
177,0,0,-4.464844,1,0,-4.0390625,0,1,0,0,-0.42578150000000026,0.42578150000000026
178,0,0,-2.488281,1,0,-2.59375,0,1,0,0,0.10546899999999981,0.10546899999999981
179,0,0,-4.011719,1,0,-3.6796875,0,1,0,0,-0.33203150000000026,0.33203150000000026
180,0,0,-4.082031,1,0,-3.75,0,1,0,0,-0.33203099999999974,0.33203099999999974
181,0,0,-3.371094,1,0,-2.70703125,0,1,0,0,-0.6640627499999998,0.6640627499999998
182,0,0,-3.285156,1,0,-2.83203125,0,1,0,0,-0.4531247500000002,0.4531247500000002
183,0,0,-2.742188,1,0,-1.96875,0,1,0,0,-0.7734380000000001,0.7734380000000001
184,0,0,-3.757812,1,0,-3.14453125,0,1,0,0,-0.6132807499999999,0.6132807499999999
185,0,0,-2.984375,1,0,-2.328125,0,1,0,0,-0.65625,0.65625
186,0,0,-3.894531,1,0,-3.53515625,0,1,0,0,-0.3593747500000002,0.3593747500000002
187,1,1,0.25,1,1,1.15234375,1,1,1,1,-0.90234375,0.90234375
188,1,1,5.289062,1,1,6.4140625,1,1,1,1,-1.1250004999999996,1.1250004999999996
189,1,1,3.582031,1,1,4.6875,1,1,1,1,-1.1054689999999998,1.1054689999999998
190,1,1,11.941406,1,1,12.43359375,1,1,1,1,-0.49218774999999937,0.49218774999999937
191,0,0,-4.738281,1,0,-4.1171875,0,1,0,0,-0.6210934999999997,0.6210934999999997
192,0,0,-2.691406,1,0,-1.58984375,0,1,0,0,-1.1015622500000002,1.1015622500000002
193,0,0,-3.4375,1,0,-2.5625,0,1,0,0,-0.875,0.875
194,0,0,-2.894531,1,0,-2.24609375,0,1,0,0,-0.6484372500000002,0.6484372500000002
195,0,0,-3.347656,1,0,-2.5625,0,1,0,0,-0.7851560000000002,0.7851560000000002
196,0,0,-4.140625,1,0,-3.1796875,0,1,0,0,-0.9609375,0.9609375
197,0,0,-2.203125,1,0,-1.16015625,0,1,0,0,-1.04296875,1.04296875
198,0,0,-2.757812,1,0,-1.63671875,0,1,0,0,-1.12109325,1.12109325
199,0,0,-4.40625,1,0,-3.76953125,0,1,0,0,-0.63671875,0.63671875
200,0,0,-3.519531,1,0,-3.14453125,0,1,0,0,-0.3749997500000002,0.3749997500000002
201,0,0,-4.023438,1,0,-2.98828125,0,1,0,0,-1.0351567499999996,1.0351567499999996
202,1,1,2.773438,1,1,3.9140625,1,1,1,1,-1.1406245,1.1406245
203,0,0,-5.042969,1,0,-4.08203125,0,1,0,0,-0.9609377500000003,0.9609377500000003
204,0,0,-4.03125,1,0,-3.4296875,0,1,0,0,-0.6015625,0.6015625
205,0,0,-2.445312,1,0,-2.33984375,0,1,0,0,-0.10546824999999993,0.10546824999999993
206,0,0,-4.324219,1,0,-3.796875,0,1,0,0,-0.5273440000000003,0.5273440000000003
207,0,0,-2.917969,1,0,-2.5,0,1,0,0,-0.4179689999999998,0.4179689999999998
208,0,0,-3.789062,1,0,-2.85546875,0,1,0,0,-0.9335932499999999,0.9335932499999999
209,1,1,7.023438,1,1,7.00390625,1,1,1,1,0.019531749999999626,0.019531749999999626
210,0,0,-3.480469,1,0,-3.3671875,0,1,0,0,-0.11328149999999981,0.11328149999999981
211,0,0,-3.710938,1,0,-3.22265625,0,1,0,0,-0.48828175000000007,0.48828175000000007
212,0,0,-2.917969,1,0,-2.1328125,0,1,0,0,-0.7851564999999998,0.7851564999999998
213,0,0,-3.5625,1,0,-2.75,0,1,0,0,-0.8125,0.8125
214,0,0,-2.949219,1,0,-2.2109375,0,1,0,0,-0.7382814999999998,0.7382814999999998
215,0,0,-4.097656,1,0,-3.44921875,0,1,0,0,-0.6484372499999997,0.6484372499999997
216,0,0,-5.136719,1,0,-4.70703125,0,1,0,0,-0.42968775000000026,0.42968775000000026
217,1,1,3.332031,1,1,5.08203125,1,1,1,1,-1.7500002499999998,1.7500002499999998
218,0,0,-4.339844,1,0,-3.7265625,0,1,0,0,-0.6132815000000003,0.6132815000000003
219,0,0,-2.9375,1,0,-1.6015625,0,1,0,0,-1.3359375,1.3359375
220,1,1,7.703125,1,1,8.3515625,1,1,1,1,-0.6484375,0.6484375
221,0,0,-3.085938,1,0,-2.84765625,0,1,0,0,-0.23828175000000007,0.23828175000000007
222,0,0,-4.566406,1,0,-3.796875,0,1,0,0,-0.7695309999999997,0.7695309999999997
223,1,1,4.203125,1,1,5.3671875,1,1,1,1,-1.1640625,1.1640625
224,1,1,11.164062,1,1,11.94921875,1,1,1,1,-0.7851567500000005,0.7851567500000005
225,1,1,10.894531,1,1,10.96875,1,1,1,1,-0.07421899999999937,0.07421899999999937
226,0,0,-4.453125,1,0,-3.7734375,0,1,0,0,-0.6796875,0.6796875
227,0,0,-3.378906,1,0,-2.25390625,0,1,0,0,-1.1249997500000002,1.1249997500000002
228,0,0,-3.109375,1,0,-2.58203125,0,1,0,0,-0.52734375,0.52734375
229,0,0,-4.289062,1,0,-3.55859375,0,1,0,0,-0.7304682500000004,0.7304682500000004
230,0,0,-2.523438,1,0,-1.54296875,0,1,0,0,-0.9804692500000001,0.9804692500000001
231,0,0,-3.242188,1,0,-2.5078125,0,1,0,0,-0.7343755000000001,0.7343755000000001
232,1,1,3.832031,1,1,5.3046875,1,1,1,1,-1.4726564999999998,1.4726564999999998
233,1,1,23.382812,1,1,24.0,1,1,1,1,-0.6171879999999987,0.6171879999999987
234,0,0,-3.46875,1,0,-2.51953125,0,1,0,0,-0.94921875,0.94921875
235,0,0,-3.578125,1,0,-2.84765625,0,1,0,0,-0.73046875,0.73046875
236,0,0,-2.253906,1,0,-1.88671875,0,1,0,0,-0.3671872500000002,0.3671872500000002
237,0,0,-3.90625,1,0,-3.11328125,0,1,0,0,-0.79296875,0.79296875
238,1,1,12.351562,1,1,13.52734375,1,1,1,1,-1.1757817500000005,1.1757817500000005
239,0,0,-3.625,1,0,-3.3203125,0,1,0,0,-0.3046875,0.3046875
240,1,1,5.433594,1,1,5.8203125,1,1,1,1,-0.38671849999999974,0.38671849999999974
241,0,0,-1.074219,1,0,-0.44140625,0,1,0,0,-0.63281275,0.63281275
242,0,0,-3.261719,1,0,-2.4921875,0,1,0,0,-0.7695314999999998,0.7695314999999998
243,0,0,-3.382812,1,0,-2.875,0,1,0,0,-0.5078119999999999,0.5078119999999999
244,0,0,-2.929688,1,0,-2.73046875,0,1,0,0,-0.19921925000000007,0.19921925000000007
245,0,0,-4.550781,1,0,-3.921875,0,1,0,0,-0.6289059999999997,0.6289059999999997
246,1,1,0.425781,1,1,2.2265625,1,1,1,1,-1.8007815,1.8007815
247,0,0,-3.476562,1,0,-2.71484375,0,1,0,0,-0.7617182499999999,0.7617182499999999
248,1,1,7.96875,1,1,9.05859375,1,1,1,1,-1.08984375,1.08984375
249,0,0,-3.605469,1,0,-2.95703125,0,1,0,0,-0.6484377499999998,0.6484377499999998
250,0,0,-2.578125,1,0,-1.32421875,0,1,0,0,-1.25390625,1.25390625
251,0,0,-3.4375,1,0,-3.0859375,0,1,0,0,-0.3515625,0.3515625
252,0,0,-4.0625,1,0,-3.5625,0,1,0,0,-0.5,0.5
253,0,0,-3.761719,1,0,-3.39453125,0,1,0,0,-0.3671877499999998,0.3671877499999998
254,0,0,-2.457031,1,0,-1.83203125,0,1,0,0,-0.6249997500000002,0.6249997500000002
255,0,0,-4.546875,1,0,-4.02734375,0,1,0,0,-0.51953125,0.51953125
256,1,1,17.085938,1,1,17.453125,1,1,1,1,-0.36718700000000126,0.36718700000000126
257,0,0,-4.683594,1,0,-3.79296875,0,1,0,0,-0.8906252500000003,0.8906252500000003
258,0,0,-3.90625,1,0,-3.38671875,0,1,0,0,-0.51953125,0.51953125
259,0,0,-3.390625,1,0,-2.39453125,0,1,0,0,-0.99609375,0.99609375
260,0,0,-2.925781,1,0,-2.2890625,0,1,0,0,-0.6367185000000002,0.6367185000000002
261,0,0,-3.238281,1,0,-2.09765625,0,1,0,0,-1.1406247500000002,1.1406247500000002
262,1,1,3.054688,1,1,3.87109375,1,1,1,1,-0.8164057499999999,0.8164057499999999
263,0,0,-2.988281,1,0,-2.6796875,0,1,0,0,-0.3085935000000002,0.3085935000000002
264,0,0,-3.910156,1,0,-3.05078125,0,1,0,0,-0.8593747500000002,0.8593747500000002
265,0,0,-4.878906,1,0,-4.09375,0,1,0,0,-0.7851559999999997,0.7851559999999997
266,0,0,-3.097656,1,0,-2.546875,0,1,0,0,-0.5507810000000002,0.5507810000000002
267,0,0,-3.804688,1,0,-3.02734375,0,1,0,0,-0.7773442500000001,0.7773442500000001
268,0,0,-2.292969,1,0,-1.7578125,0,1,0,0,-0.5351564999999998,0.5351564999999998
269,0,0,-3.558594,1,0,-2.484375,0,1,0,0,-1.0742189999999998,1.0742189999999998
270,0,0,-2.859375,1,0,-2.5234375,0,1,0,0,-0.3359375,0.3359375
271,0,0,-3.257812,1,0,-2.61328125,0,1,0,0,-0.6445307499999999,0.6445307499999999
272,0,0,-4.785156,1,0,-3.671875,0,1,0,0,-1.1132809999999997,1.1132809999999997
273,0,0,-3.6875,1,0,-2.9296875,0,1,0,0,-0.7578125,0.7578125
274,1,1,21.269531,1,1,19.75,1,1,1,1,1.5195310000000006,1.5195310000000006
275,1,1,-0.316406,1,1,0.59765625,1,1,1,1,-0.91406225,0.91406225
276,1,1,6.542969,1,1,7.65234375,1,1,1,1,-1.1093747499999997,1.1093747499999997
277,0,0,-2.675781,1,0,-2.34375,0,1,0,0,-0.3320310000000002,0.3320310000000002
278,0,0,-3.699219,1,0,-3.125,0,1,0,0,-0.5742189999999998,0.5742189999999998
279,0,0,-4.359375,1,0,-3.7734375,0,1,0,0,-0.5859375,0.5859375
280,0,0,-3.5,1,0,-2.8984375,0,1,0,0,-0.6015625,0.6015625
281,0,0,-4.40625,1,0,-3.4296875,0,1,0,0,-0.9765625,0.9765625
282,0,0,-2.9375,1,0,-2.421875,0,1,0,0,-0.515625,0.515625
283,1,1,3.96875,1,1,5.13671875,1,1,1,1,-1.16796875,1.16796875
284,1,1,5.535156,1,1,7.484375,1,1,1,1,-1.9492190000000003,1.9492190000000003
285,0,0,-2.269531,1,0,-1.265625,0,1,0,0,-1.0039060000000002,1.0039060000000002
286,0,0,-4.003906,1,0,-3.2109375,0,1,0,0,-0.7929684999999997,0.7929684999999997
287,0,0,-3.300781,1,0,-2.11328125,0,1,0,0,-1.1874997500000002,1.1874997500000002
288,0,0,-4.117188,1,0,-3.91015625,0,1,0,0,-0.20703174999999963,0.20703174999999963
289,1,1,-0.625,1,1,-0.05078125,0,0,0,0,-0.57421875,0.57421875
290,0,0,-3.058594,1,0,-2.53125,0,1,0,0,-0.5273439999999998,0.5273439999999998
291,0,0,-2.675781,1,0,-1.42578125,0,1,0,0,-1.2499997500000002,1.2499997500000002
292,0,0,-2.140625,1,0,-1.74609375,0,1,0,0,-0.39453125,0.39453125
293,0,0,-1.722656,1,0,-1.23046875,0,1,0,0,-0.49218724999999997,0.49218724999999997
294,0,0,-2.046875,1,0,-1.7578125,0,1,0,0,-0.2890625,0.2890625
295,0,0,-3.738281,1,0,-3.171875,0,1,0,0,-0.5664060000000002,0.5664060000000002
296,0,0,-2.210938,1,0,-1.33203125,0,1,0,0,-0.8789067500000001,0.8789067500000001
297,0,0,-4.210938,1,0,-3.36328125,0,1,0,0,-0.8476567499999996,0.8476567499999996
298,0,0,-3.5,1,0,-2.30859375,0,1,0,0,-1.19140625,1.19140625
299,0,0,-4.210938,1,0,-3.66015625,0,1,0,0,-0.5507817499999996,0.5507817499999996
300,0,0,-4.308594,1,0,-3.38671875,0,1,0,0,-0.9218752500000003,0.9218752500000003
301,0,0,-3.230469,1,0,-2.2734375,0,1,0,0,-0.9570314999999998,0.9570314999999998
302,1,1,2.585938,1,1,3.46875,1,1,1,1,-0.8828119999999999,0.8828119999999999
303,0,0,-2.484375,1,0,-1.75,0,1,0,0,-0.734375,0.734375
304,0,0,-2.980469,1,0,-2.47265625,0,1,0,0,-0.5078127499999998,0.5078127499999998
305,1,1,2.34375,1,1,3.26171875,1,1,1,1,-0.91796875,0.91796875
306,0,0,-2.183594,1,0,-1.71875,0,1,0,0,-0.4648439999999998,0.4648439999999998
307,0,0,-3.539062,1,0,-2.76171875,0,1,0,0,-0.7773432499999999,0.7773432499999999
308,0,0,-2.03125,1,0,-1.9140625,0,1,0,0,-0.1171875,0.1171875
309,0,0,-3.667969,1,0,-2.84765625,0,1,0,0,-0.8203127499999998,0.8203127499999998
310,1,1,12.210938,1,1,14.37890625,1,1,1,1,-2.1679682499999995,2.1679682499999995
311,0,0,-3.464844,1,0,-2.91015625,0,1,0,0,-0.5546877499999998,0.5546877499999998
312,0,0,-3.902344,1,0,-3.78125,0,1,0,0,-0.12109399999999981,0.12109399999999981
313,0,0,-3.347656,1,0,-2.5703125,0,1,0,0,-0.7773435000000002,0.7773435000000002
314,0,0,-2.492188,1,0,-1.546875,0,1,0,0,-0.9453130000000001,0.9453130000000001
315,0,0,-4.851562,1,0,-4.0078125,0,1,0,0,-0.8437495000000004,0.8437495000000004
316,0,0,-3.382812,1,0,-2.7734375,0,1,0,0,-0.6093744999999999,0.6093744999999999
317,0,0,-4.066406,1,0,-3.35546875,0,1,0,0,-0.7109372499999997,0.7109372499999997
318,0,0,-3.832031,1,0,-2.87109375,0,1,0,0,-0.9609372500000002,0.9609372500000002
319,1,1,7.734375,1,1,8.97265625,1,1,1,1,-1.23828125,1.23828125
320,0,0,-4.066406,1,0,-3.71484375,0,1,0,0,-0.35156224999999974,0.35156224999999974
321,1,1,6.164062,1,1,6.890625,1,1,1,1,-0.7265629999999996,0.7265629999999996
322,0,0,-3.789062,1,0,-3.2265625,0,1,0,0,-0.5624994999999999,0.5624994999999999
323,1,1,11.570312,1,1,12.1015625,1,1,1,1,-0.5312505000000005,0.5312505000000005
324,1,1,5.980469,1,1,6.92578125,1,1,1,1,-0.9453122499999997,0.9453122499999997
325,1,1,4.039062,1,1,4.95703125,1,1,1,1,-0.9179692499999996,0.9179692499999996
326,0,0,-3.410156,1,0,-2.5859375,0,1,0,0,-0.8242185000000002,0.8242185000000002
327,0,0,-2.332031,1,0,-1.953125,0,1,0,0,-0.3789060000000002,0.3789060000000002
328,0,0,-2.992188,1,0,-2.12890625,0,1,0,0,-0.8632817500000001,0.8632817500000001
329,0,0,-4.226562,1,0,-3.734375,0,1,0,0,-0.4921870000000004,0.4921870000000004
330,0,0,-4.222656,1,0,-3.265625,0,1,0,0,-0.9570309999999997,0.9570309999999997
331,1,1,-1.734375,1,1,-0.21484375,0,0,0,0,-1.51953125,1.51953125
332,0,0,-5.40625,1,0,-5.15625,0,1,0,0,-0.25,0.25
333,0,0,-2.925781,1,0,-2.51171875,0,1,0,0,-0.4140622500000002,0.4140622500000002
334,1,1,6.480469,1,1,7.8359375,1,1,1,1,-1.3554684999999997,1.3554684999999997
335,0,0,-3.09375,1,0,-2.46484375,0,1,0,0,-0.62890625,0.62890625
336,0,0,-4.210938,1,0,-3.546875,0,1,0,0,-0.6640629999999996,0.6640629999999996
337,0,0,-5.578125,1,0,-4.47265625,0,1,0,0,-1.10546875,1.10546875
338,0,0,-4.101562,1,0,-3.4140625,0,1,0,0,-0.6874995000000004,0.6874995000000004
339,0,0,-2.84375,1,0,-2.265625,0,1,0,0,-0.578125,0.578125
340,1,1,-2.355469,1,1,-1.47265625,0,0,0,0,-0.8828127499999998,0.8828127499999998
341,0,0,-2.484375,1,0,-2.21875,0,1,0,0,-0.265625,0.265625
342,0,0,-4.027344,1,0,-3.5078125,0,1,0,0,-0.5195315000000003,0.5195315000000003
343,0,0,-3.203125,1,0,-1.64453125,0,1,0,0,-1.55859375,1.55859375
344,0,0,-1.859375,1,0,-1.32421875,0,1,0,0,-0.53515625,0.53515625
345,0,0,-2.699219,1,0,-1.55078125,0,1,0,0,-1.1484377499999998,1.1484377499999998
346,0,0,-2.089844,1,0,-1.3515625,0,1,0,0,-0.7382814999999998,0.7382814999999998
347,0,0,-3.800781,1,0,-2.98828125,0,1,0,0,-0.8124997500000002,0.8124997500000002
348,0,0,-2.140625,1,0,-1.51953125,0,1,0,0,-0.62109375,0.62109375
349,0,0,-4.640625,1,0,-3.703125,0,1,0,0,-0.9375,0.9375
350,1,1,0.660156,1,1,1.6796875,1,1,1,1,-1.0195315,1.0195315
351,0,0,-4.441406,1,0,-4.07421875,0,1,0,0,-0.36718724999999974,0.36718724999999974
352,0,0,-3.660156,1,0,-3.03515625,0,1,0,0,-0.6249997500000002,0.6249997500000002
353,0,0,-4.398438,1,0,-3.61328125,0,1,0,0,-0.7851567499999996,0.7851567499999996
354,0,0,-3.769531,1,0,-2.71484375,0,1,0,0,-1.0546872500000002,1.0546872500000002
355,0,0,-2.277344,1,0,-1.4375,0,1,0,0,-0.8398439999999998,0.8398439999999998
356,0,0,-2.597656,1,0,-2.25,0,1,0,0,-0.3476560000000002,0.3476560000000002
357,0,0,-4.871094,1,0,-3.80859375,0,1,0,0,-1.0625002500000003,1.0625002500000003
358,0,0,-2.128906,1,0,-2.18359375,0,1,0,0,0.05468774999999981,0.05468774999999981
359,1,1,4.011719,1,1,4.83984375,1,1,1,1,-0.8281247499999997,0.8281247499999997
360,0,0,-4.136719,1,0,-3.3984375,0,1,0,0,-0.7382815000000003,0.7382815000000003
361,0,0,-3.109375,1,0,-2.5859375,0,1,0,0,-0.5234375,0.5234375
362,0,0,-3.550781,1,0,-2.734375,0,1,0,0,-0.8164060000000002,0.8164060000000002
363,0,0,-2.539062,1,0,-1.70703125,0,1,0,0,-0.8320307499999999,0.8320307499999999
364,0,0,-3.125,1,0,-2.60546875,0,1,0,0,-0.51953125,0.51953125
365,0,0,-3.507812,1,0,-3.27734375,0,1,0,0,-0.23046824999999993,0.23046824999999993
366,0,0,-2.820312,1,0,-2.02734375,0,1,0,0,-0.7929682499999999,0.7929682499999999
367,0,0,-4.539062,1,0,-3.7265625,0,1,0,0,-0.8124995000000004,0.8124995000000004
368,0,0,-2.832031,1,0,-1.6171875,0,1,0,0,-1.2148435000000002,1.2148435000000002
369,0,0,-2.996094,1,0,-2.62890625,0,1,0,0,-0.3671877499999998,0.3671877499999998
370,0,0,-3.964844,1,0,-3.2890625,0,1,0,0,-0.6757814999999998,0.6757814999999998
371,0,0,-3.996094,1,0,-3.51171875,0,1,0,0,-0.4843752499999998,0.4843752499999998
372,1,1,1.242188,1,1,2.22265625,1,1,1,1,-0.9804682499999999,0.9804682499999999
373,0,0,-3.335938,1,0,-3.1171875,0,1,0,0,-0.21875050000000007,0.21875050000000007
374,0,0,-3.421875,1,0,-2.77734375,0,1,0,0,-0.64453125,0.64453125
375,1,1,0.226562,1,1,1.05859375,1,1,1,1,-0.83203175,0.83203175
376,0,0,-3.367188,1,0,-2.84765625,0,1,0,0,-0.5195317500000001,0.5195317500000001
377,0,0,-2.691406,1,0,-2.0078125,0,1,0,0,-0.6835935000000002,0.6835935000000002
378,0,0,-2.132812,1,0,-1.625,0,1,0,0,-0.5078119999999999,0.5078119999999999
379,0,0,-3.652344,1,0,-2.8671875,0,1,0,0,-0.7851564999999998,0.7851564999999998
380,1,1,7.46875,1,1,7.0546875,1,1,1,1,0.4140625,0.4140625
381,0,0,-3.847656,1,0,-3.3046875,0,1,0,0,-0.5429685000000002,0.5429685000000002
382,0,0,-3.578125,1,0,-2.5859375,0,1,0,0,-0.9921875,0.9921875
383,0,0,-3.050781,1,0,-2.59375,0,1,0,0,-0.4570310000000002,0.4570310000000002
384,0,0,-2.027344,1,0,-1.1875,0,1,0,0,-0.8398439999999998,0.8398439999999998
385,1,1,1.28125,1,1,2.05078125,1,1,1,1,-0.76953125,0.76953125
386,0,0,-4.222656,1,0,-3.70703125,0,1,0,0,-0.5156247499999997,0.5156247499999997
387,1,1,-1.480469,1,1,-0.91015625,0,0,0,0,-0.57031275,0.57031275
388,0,0,-4.65625,1,0,-4.23046875,0,1,0,0,-0.42578125,0.42578125
389,0,0,-3.96875,1,0,-3.6484375,0,1,0,0,-0.3203125,0.3203125
390,0,0,-4.449219,1,0,-3.90234375,0,1,0,0,-0.5468752500000003,0.5468752500000003
391,1,1,11.824219,1,1,13.41015625,1,1,1,1,-1.5859372500000006,1.5859372500000006
392,0,0,-3.039062,1,0,-2.609375,0,1,0,0,-0.42968699999999993,0.42968699999999993
393,0,0,-2.761719,1,0,-1.9765625,0,1,0,0,-0.7851564999999998,0.7851564999999998
394,0,0,-3.78125,1,0,-3.171875,0,1,0,0,-0.609375,0.609375
395,0,0,-2.484375,1,0,-2.0546875,0,1,0,0,-0.4296875,0.4296875
396,0,0,-3.054688,1,0,-2.44921875,0,1,0,0,-0.6054692500000001,0.6054692500000001
397,0,0,-2.417969,1,0,-2.08203125,0,1,0,0,-0.3359377499999998,0.3359377499999998
398,0,0,-3.890625,1,0,-3.125,0,1,0,0,-0.765625,0.765625
399,1,1,16.636719,1,1,18.11328125,1,1,1,1,-1.4765622500000006,1.4765622500000006
400,0,0,-4.863281,1,0,-3.5234375,0,1,0,0,-1.3398434999999997,1.3398434999999997
401,0,0,-3.03125,1,0,-2.40234375,0,1,0,0,-0.62890625,0.62890625
402,0,0,-3.988281,1,0,-3.22265625,0,1,0,0,-0.7656247500000002,0.7656247500000002
403,0,0,-2.628906,1,0,-2.4140625,0,1,0,0,-0.2148435000000002,0.2148435000000002
404,0,0,-3.773438,1,0,-3.25390625,0,1,0,0,-0.5195317500000001,0.5195317500000001
405,1,1,5.867188,1,1,6.73046875,1,1,1,1,-0.8632807500000004,0.8632807500000004
406,0,0,-2.992188,1,0,-2.58203125,0,1,0,0,-0.41015675000000007,0.41015675000000007
407,0,0,-3.695312,1,0,-2.98828125,0,1,0,0,-0.7070307499999999,0.7070307499999999
408,0,0,-4.503906,1,0,-3.86328125,0,1,0,0,-0.6406247499999997,0.6406247499999997
409,0,0,-4.808594,1,0,-4.29296875,0,1,0,0,-0.5156252500000003,0.5156252500000003
410,0,0,-2.28125,1,0,-1.62890625,0,1,0,0,-0.65234375,0.65234375
411,0,0,-4.820312,1,0,-4.171875,0,1,0,0,-0.6484370000000004,0.6484370000000004
412,0,0,-2.847656,1,0,-2.25390625,0,1,0,0,-0.5937497500000002,0.5937497500000002
413,0,0,-4.339844,1,0,-3.52734375,0,1,0,0,-0.8125002500000003,0.8125002500000003
414,0,0,-4.636719,1,0,-3.5625,0,1,0,0,-1.0742190000000003,1.0742190000000003
415,0,0,-3.234375,1,0,-2.30078125,0,1,0,0,-0.93359375,0.93359375
416,0,0,-3.210938,1,0,-2.31640625,0,1,0,0,-0.8945317500000001,0.8945317500000001
417,0,0,-3.542969,1,0,-2.73046875,0,1,0,0,-0.8125002499999998,0.8125002499999998
418,0,0,-4.464844,1,0,-3.57421875,0,1,0,0,-0.8906252500000003,0.8906252500000003
419,0,0,-4.324219,1,0,-3.3671875,0,1,0,0,-0.9570315000000003,0.9570315000000003
420,0,0,-3.734375,1,0,-2.87109375,0,1,0,0,-0.86328125,0.86328125
421,1,1,6.089844,1,1,7.671875,1,1,1,1,-1.5820309999999997,1.5820309999999997
422,1,1,9.550781,1,1,11.53515625,1,1,1,1,-1.9843752499999994,1.9843752499999994
423,0,0,-3.324219,1,0,-2.6484375,0,1,0,0,-0.6757814999999998,0.6757814999999998
424,0,0,-3.144531,1,0,-2.55859375,0,1,0,0,-0.5859372500000002,0.5859372500000002
425,1,1,5.28125,1,1,7.4453125,1,1,1,1,-2.1640625,2.1640625
426,0,0,-2.800781,1,0,-2.3203125,0,1,0,0,-0.4804685000000002,0.4804685000000002
427,0,0,-3.914062,1,0,-3.12890625,0,1,0,0,-0.7851557499999999,0.7851557499999999
428,0,0,-1.910156,1,0,-0.86328125,0,1,0,0,-1.04687475,1.04687475
429,1,1,-0.378906,1,1,0.203125,0,0,0,0,-0.582031,0.582031
430,0,0,-5.082031,1,0,-4.265625,0,1,0,0,-0.8164059999999997,0.8164059999999997
431,0,0,-5.046875,1,0,-3.88671875,0,1,0,0,-1.16015625,1.16015625
432,0,0,-3.554688,1,0,-2.91015625,0,1,0,0,-0.6445317500000001,0.6445317500000001
433,0,0,-3.304688,1,0,-3.05859375,0,1,0,0,-0.24609425000000007,0.24609425000000007
434,0,0,-4.039062,1,0,-3.21875,0,1,0,0,-0.8203120000000004,0.8203120000000004
435,0,0,-3.171875,1,0,-2.703125,0,1,0,0,-0.46875,0.46875
436,0,0,-3.890625,1,0,-3.1328125,0,1,0,0,-0.7578125,0.7578125
437,1,1,4.570312,1,1,5.765625,1,1,1,1,-1.1953129999999996,1.1953129999999996
438,0,0,-4.0,1,0,-3.6875,0,1,0,0,-0.3125,0.3125
439,0,0,-3.027344,1,0,-2.42578125,0,1,0,0,-0.6015627499999998,0.6015627499999998
440,1,1,3.382812,1,1,4.62890625,1,1,1,1,-1.24609425,1.24609425
441,0,0,-3.609375,1,0,-2.8671875,0,1,0,0,-0.7421875,0.7421875
442,0,0,-4.378906,1,0,-3.53125,0,1,0,0,-0.8476559999999997,0.8476559999999997
443,1,1,-1.386719,1,1,0.33203125,0,0,0,0,-1.71875025,1.71875025
444,1,1,1.527344,1,1,2.78125,1,1,1,1,-1.253906,1.253906
445,0,0,-3.253906,1,0,-2.70703125,0,1,0,0,-0.5468747500000002,0.5468747500000002
446,0,0,-3.117188,1,0,-2.19140625,0,1,0,0,-0.9257817500000001,0.9257817500000001
447,0,0,-1.910156,1,0,-1.30078125,0,1,0,0,-0.60937475,0.60937475
448,1,1,-0.507812,1,1,1.2109375,1,1,1,1,-1.7187495,1.7187495
449,0,0,-4.460938,1,0,-3.7265625,0,1,0,0,-0.7343754999999996,0.7343754999999996
450,0,0,-1.464844,1,0,-1.26953125,0,1,0,0,-0.19531275000000003,0.19531275000000003
451,0,0,-2.859375,1,0,-2.6484375,0,1,0,0,-0.2109375,0.2109375
452,0,0,-3.699219,1,0,-2.92578125,0,1,0,0,-0.7734377499999998,0.7734377499999998
453,0,0,-4.144531,1,0,-3.6875,0,1,0,0,-0.45703099999999974,0.45703099999999974
454,1,1,-0.542969,1,1,0.47265625,0,0,0,0,-1.01562525,1.01562525
455,1,1,6.203125,1,1,7.00390625,1,1,1,1,-0.80078125,0.80078125
456,0,0,-2.285156,1,0,-1.5625,0,1,0,0,-0.7226560000000002,0.7226560000000002
457,0,0,-4.097656,1,0,-3.62890625,0,1,0,0,-0.46874974999999974,0.46874974999999974
458,0,0,-3.378906,1,0,-2.8828125,0,1,0,0,-0.4960935000000002,0.4960935000000002
459,0,0,-2.402344,1,0,-1.5546875,0,1,0,0,-0.8476564999999998,0.8476564999999998
460,0,0,-4.230469,1,0,-3.43359375,0,1,0,0,-0.7968752500000003,0.7968752500000003
461,0,0,-3.558594,1,0,-3.16015625,0,1,0,0,-0.3984377499999998,0.3984377499999998
462,0,0,-4.128906,1,0,-3.58984375,0,1,0,0,-0.5390622499999997,0.5390622499999997
463,0,0,-4.617188,1,0,-3.82421875,0,1,0,0,-0.7929692499999996,0.7929692499999996
464,0,0,-3.535156,1,0,-2.75390625,0,1,0,0,-0.7812497500000002,0.7812497500000002
465,0,0,-3.660156,1,0,-3.0078125,0,1,0,0,-0.6523435000000002,0.6523435000000002
466,0,0,-3.863281,1,0,-2.9765625,0,1,0,0,-0.8867185000000002,0.8867185000000002
467,0,0,-4.007812,1,0,-3.21875,0,1,0,0,-0.7890620000000004,0.7890620000000004
468,0,0,-3.535156,1,0,-2.5859375,0,1,0,0,-0.9492185000000002,0.9492185000000002
469,1,1,1.167969,1,1,2.640625,1,1,1,1,-1.472656,1.472656
470,0,0,-2.90625,1,0,-2.21484375,0,1,0,0,-0.69140625,0.69140625
471,0,0,-4.0,1,0,-3.1796875,0,1,0,0,-0.8203125,0.8203125
472,0,0,-3.785156,1,0,-2.8671875,0,1,0,0,-0.9179685000000002,0.9179685000000002
473,1,1,5.058594,1,1,5.29296875,1,1,1,1,-0.23437474999999974,0.23437474999999974
474,1,1,-1.007812,1,1,-0.03515625,0,0,0,0,-0.9726557499999999,0.9726557499999999
475,0,0,-3.871094,1,0,-3.41796875,0,1,0,0,-0.4531252499999998,0.4531252499999998
476,0,0,-5.167969,1,0,-4.671875,0,1,0,0,-0.49609400000000026,0.49609400000000026
477,0,0,-3.285156,1,0,-2.79296875,0,1,0,0,-0.4921872500000002,0.4921872500000002
478,0,0,-4.605469,1,0,-3.953125,0,1,0,0,-0.6523440000000003,0.6523440000000003
479,0,0,-2.777344,1,0,-2.34375,0,1,0,0,-0.4335939999999998,0.4335939999999998
480,0,0,-2.558594,1,0,-1.55078125,0,1,0,0,-1.0078127499999998,1.0078127499999998
481,0,0,-4.9375,1,0,-4.3515625,0,1,0,0,-0.5859375,0.5859375
482,0,0,-3.78125,1,0,-3.00390625,0,1,0,0,-0.77734375,0.77734375
483,0,0,-4.0,1,0,-3.41015625,0,1,0,0,-0.58984375,0.58984375
484,0,0,-4.867188,1,0,-4.3515625,0,1,0,0,-0.5156254999999996,0.5156254999999996
485,0,0,-3.214844,1,0,-2.41015625,0,1,0,0,-0.8046877499999998,0.8046877499999998
486,0,0,-3.171875,1,0,-2.7890625,0,1,0,0,-0.3828125,0.3828125
487,0,0,-2.328125,1,0,-1.41015625,0,1,0,0,-0.91796875,0.91796875
488,0,0,-2.726562,1,0,-1.9140625,0,1,0,0,-0.8124994999999999,0.8124994999999999
489,0,0,-4.179688,1,0,-3.81640625,0,1,0,0,-0.3632817499999996,0.3632817499999996
490,1,1,2.511719,1,1,2.94921875,1,1,1,1,-0.4374997500000002,0.4374997500000002
491,0,0,-2.4375,1,0,-1.93359375,0,1,0,0,-0.50390625,0.50390625
492,0,0,-3.734375,1,0,-3.41796875,0,1,0,0,-0.31640625,0.31640625
493,0,0,-2.652344,1,0,-1.4921875,0,1,0,0,-1.1601564999999998,1.1601564999999998
494,0,0,-4.652344,1,0,-3.6484375,0,1,0,0,-1.0039065000000003,1.0039065000000003
495,1,1,0.324219,1,1,0.41796875,0,0,0,0,-0.09374975000000002,0.09374975000000002
496,1,1,3.109375,1,1,4.140625,1,1,1,1,-1.03125,1.03125
497,0,0,-2.535156,1,0,-2.20703125,0,1,0,0,-0.3281247500000002,0.3281247500000002
498,0,0,-2.6875,1,0,-2.04296875,0,1,0,0,-0.64453125,0.64453125
499,1,1,8.882812,1,1,10.5078125,1,1,1,1,-1.6250005000000005,1.6250005000000005
500,0,0,-2.617188,1,0,-1.91796875,0,1,0,0,-0.6992192500000001,0.6992192500000001
501,0,0,-3.210938,1,0,-2.7265625,0,1,0,0,-0.48437550000000007,0.48437550000000007
502,1,1,7.664062,1,1,8.97265625,1,1,1,1,-1.3085942499999996,1.3085942499999996
503,0,0,-1.890625,1,0,-0.76171875,0,1,0,0,-1.12890625,1.12890625
504,0,0,-3.875,1,0,-3.20703125,0,1,0,0,-0.66796875,0.66796875
505,0,0,-4.773438,1,0,-3.8828125,0,1,0,0,-0.8906254999999996,0.8906254999999996
506,1,1,8.035156,1,1,9.5078125,1,1,1,1,-1.4726564999999994,1.4726564999999994
507,0,0,-2.648438,1,0,-2.07421875,0,1,0,0,-0.5742192500000001,0.5742192500000001
508,0,0,-3.949219,1,0,-2.9375,0,1,0,0,-1.0117189999999998,1.0117189999999998
509,0,0,-3.015625,1,0,-2.4453125,0,1,0,0,-0.5703125,0.5703125
510,1,1,3.003906,1,1,4.2890625,1,1,1,1,-1.2851564999999998,1.2851564999999998
511,1,1,0.230469,1,1,1.07421875,1,1,1,1,-0.84374975,0.84374975
512,0,0,-5.0625,1,0,-4.33984375,0,1,0,0,-0.72265625,0.72265625
513,0,0,-2.890625,1,0,-2.44140625,0,1,0,0,-0.44921875,0.44921875
514,0,0,-3.683594,1,0,-3.109375,0,1,0,0,-0.5742189999999998,0.5742189999999998
515,0,0,-4.421875,1,0,-3.51953125,0,1,0,0,-0.90234375,0.90234375
516,1,1,3.628906,1,1,4.828125,1,1,1,1,-1.1992189999999998,1.1992189999999998
517,0,0,-3.074219,1,0,-2.57421875,0,1,0,0,-0.5000002499999998,0.5000002499999998
518,0,0,-3.375,1,0,-2.92578125,0,1,0,0,-0.44921875,0.44921875
519,0,0,-3.105469,1,0,-2.3828125,0,1,0,0,-0.7226564999999998,0.7226564999999998
520,0,0,-3.558594,1,0,-2.625,0,1,0,0,-0.9335939999999998,0.9335939999999998
521,0,0,-3.335938,1,0,-2.3984375,0,1,0,0,-0.9375005000000001,0.9375005000000001
522,0,0,-2.757812,1,0,-2.140625,0,1,0,0,-0.6171869999999999,0.6171869999999999
523,0,0,-3.660156,1,0,-3.4296875,0,1,0,0,-0.2304685000000002,0.2304685000000002
524,1,1,3.636719,1,1,4.95703125,1,1,1,1,-1.3203122500000002,1.3203122500000002
525,0,0,-2.613281,1,0,-2.203125,0,1,0,0,-0.4101560000000002,0.4101560000000002
526,0,0,-4.828125,1,0,-4.33984375,0,1,0,0,-0.48828125,0.48828125
527,1,1,5.644531,1,1,8.14453125,1,1,1,1,-2.5000002500000003,2.5000002500000003
528,0,0,-5.90625,1,0,-5.2421875,0,1,0,0,-0.6640625,0.6640625
529,0,0,-2.1875,1,0,-1.21875,0,1,0,0,-0.96875,0.96875
530,0,0,-3.308594,1,0,-2.578125,0,1,0,0,-0.7304689999999998,0.7304689999999998
531,0,0,-2.824219,1,0,-1.8515625,0,1,0,0,-0.9726564999999998,0.9726564999999998
532,0,0,-4.261719,1,0,-3.6484375,0,1,0,0,-0.6132815000000003,0.6132815000000003
533,0,0,-3.0,1,0,-2.26953125,0,1,0,0,-0.73046875,0.73046875
534,0,0,-4.492188,1,0,-4.02734375,0,1,0,0,-0.4648442499999996,0.4648442499999996
535,0,0,-4.082031,1,0,-3.92578125,0,1,0,0,-0.15624974999999974,0.15624974999999974
536,0,0,-3.078125,1,0,-2.5234375,0,1,0,0,-0.5546875,0.5546875
537,0,0,-3.101562,1,0,-2.5234375,0,1,0,0,-0.5781244999999999,0.5781244999999999
538,0,0,-5.058594,1,0,-4.48046875,0,1,0,0,-0.5781252500000003,0.5781252500000003
539,1,1,-1.773438,1,1,-1.3203125,0,0,0,0,-0.45312550000000007,0.45312550000000007
540,0,0,-2.65625,1,0,-2.2265625,0,1,0,0,-0.4296875,0.4296875
541,0,0,-2.289062,1,0,-1.51171875,0,1,0,0,-0.7773432499999999,0.7773432499999999
542,0,0,-2.933594,1,0,-2.40234375,0,1,0,0,-0.5312502499999998,0.5312502499999998
543,1,1,5.46875,1,1,6.4453125,1,1,1,1,-0.9765625,0.9765625
544,0,0,-3.386719,1,0,-2.98046875,0,1,0,0,-0.4062502499999998,0.4062502499999998
545,0,0,-4.207031,1,0,-3.91015625,0,1,0,0,-0.29687474999999974,0.29687474999999974
546,1,1,2.976562,1,1,3.09765625,1,1,1,1,-0.12109425000000007,0.12109425000000007
547,0,0,-3.523438,1,0,-2.60546875,0,1,0,0,-0.9179692500000001,0.9179692500000001
548,0,0,-2.898438,1,0,-2.140625,0,1,0,0,-0.7578130000000001,0.7578130000000001
549,0,0,-5.007812,1,0,-4.93359375,0,1,0,0,-0.07421825000000037,0.07421825000000037
550,0,0,-3.484375,1,0,-2.140625,0,1,0,0,-1.34375,1.34375
551,0,0,-3.347656,1,0,-2.765625,0,1,0,0,-0.5820310000000002,0.5820310000000002
552,0,0,-3.746094,1,0,-3.34375,0,1,0,0,-0.4023439999999998,0.4023439999999998
553,0,0,-4.144531,1,0,-3.6640625,0,1,0,0,-0.48046849999999974,0.48046849999999974
554,0,0,-4.605469,1,0,-4.109375,0,1,0,0,-0.49609400000000026,0.49609400000000026
555,1,1,2.273438,1,1,2.44921875,1,1,1,1,-0.17578074999999993,0.17578074999999993
556,0,0,-3.148438,1,0,-2.2734375,0,1,0,0,-0.8750005000000001,0.8750005000000001
557,0,0,-2.726562,1,0,-1.8125,0,1,0,0,-0.9140619999999999,0.9140619999999999
558,1,1,-2.578125,1,1,-0.98046875,0,0,0,0,-1.59765625,1.59765625
559,0,0,-3.398438,1,0,-2.609375,0,1,0,0,-0.7890630000000001,0.7890630000000001
560,0,0,-4.175781,1,0,-4.0234375,0,1,0,0,-0.15234349999999974,0.15234349999999974
561,0,0,-2.78125,1,0,-2.36328125,0,1,0,0,-0.41796875,0.41796875
562,0,0,-3.421875,1,0,-2.62890625,0,1,0,0,-0.79296875,0.79296875
563,0,0,-4.230469,1,0,-3.30859375,0,1,0,0,-0.9218752500000003,0.9218752500000003
564,0,0,-3.335938,1,0,-2.54296875,0,1,0,0,-0.7929692500000001,0.7929692500000001
565,1,1,8.347656,1,1,9.89453125,1,1,1,1,-1.5468752499999994,1.5468752499999994
566,0,0,-3.453125,1,0,-2.98828125,0,1,0,0,-0.46484375,0.46484375
567,1,1,0.902344,1,1,1.80859375,1,1,1,1,-0.90624975,0.90624975
568,0,0,-3.582031,1,0,-2.96875,0,1,0,0,-0.6132810000000002,0.6132810000000002
569,0,0,-2.738281,1,0,-2.234375,0,1,0,0,-0.5039060000000002,0.5039060000000002
570,0,0,-4.300781,1,0,-4.01953125,0,1,0,0,-0.28124974999999974,0.28124974999999974
571,0,0,-2.507812,1,0,-1.484375,0,1,0,0,-1.023437,1.023437
572,0,0,-3.464844,1,0,-2.85546875,0,1,0,0,-0.6093752499999998,0.6093752499999998
573,1,1,-0.691406,1,1,0.08203125,0,0,0,0,-0.77343725,0.77343725
574,0,0,-3.890625,1,0,-2.89453125,0,1,0,0,-0.99609375,0.99609375
575,0,0,-4.410156,1,0,-4.234375,0,1,0,0,-0.17578099999999974,0.17578099999999974
576,1,1,1.84375,1,1,2.78515625,1,1,1,1,-0.94140625,0.94140625
577,0,0,-2.988281,1,0,-2.14453125,0,1,0,0,-0.8437497500000002,0.8437497500000002
578,0,0,-4.230469,1,0,-3.94140625,0,1,0,0,-0.28906275000000026,0.28906275000000026
579,0,0,-3.40625,1,0,-2.921875,0,1,0,0,-0.484375,0.484375
580,0,0,-3.769531,1,0,-3.25,0,1,0,0,-0.5195310000000002,0.5195310000000002
581,0,0,-4.195312,1,0,-3.31640625,0,1,0,0,-0.8789057500000004,0.8789057500000004
582,0,0,-3.976562,1,0,-3.328125,0,1,0,0,-0.6484369999999999,0.6484369999999999
583,0,0,-3.632812,1,0,-3.05078125,0,1,0,0,-0.5820307499999999,0.5820307499999999
584,1,1,3.382812,1,1,4.1484375,1,1,1,1,-0.7656255000000001,0.7656255000000001
585,0,0,-3.800781,1,0,-3.4296875,0,1,0,0,-0.3710935000000002,0.3710935000000002
586,0,0,-2.070312,1,0,-1.66015625,0,1,0,0,-0.41015574999999993,0.41015574999999993
587,0,0,-4.3125,1,0,-4.16015625,0,1,0,0,-0.15234375,0.15234375
588,0,0,-3.5,1,0,-2.2421875,0,1,0,0,-1.2578125,1.2578125
589,0,0,-3.90625,1,0,-3.4375,0,1,0,0,-0.46875,0.46875
590,1,1,17.796875,1,1,17.9921875,1,1,1,1,-0.1953125,0.1953125
591,0,0,-3.25,1,0,-2.00390625,0,1,0,0,-1.24609375,1.24609375
592,0,0,-3.707031,1,0,-2.38671875,0,1,0,0,-1.3203122500000002,1.3203122500000002
593,1,1,8.398438,1,1,8.97265625,1,1,1,1,-0.5742182499999995,0.5742182499999995
594,0,0,-3.339844,1,0,-2.8984375,0,1,0,0,-0.4414064999999998,0.4414064999999998
595,1,1,11.492188,1,1,10.64453125,1,1,1,1,0.8476567500000005,0.8476567500000005
596,1,1,2.097656,1,1,3.15625,1,1,1,1,-1.0585939999999998,1.0585939999999998
597,0,0,-3.070312,1,0,-2.8046875,0,1,0,0,-0.26562449999999993,0.26562449999999993
598,0,0,-1.988281,1,0,-1.19140625,0,1,0,0,-0.79687475,0.79687475
599,0,0,-4.078125,1,0,-3.78125,0,1,0,0,-0.296875,0.296875
600,0,0,-5.085938,1,0,-4.08984375,0,1,0,0,-0.9960942499999996,0.9960942499999996
601,0,0,-4.726562,1,0,-3.8125,0,1,0,0,-0.9140620000000004,0.9140620000000004
602,0,0,-3.035156,1,0,-2.734375,0,1,0,0,-0.3007810000000002,0.3007810000000002
603,0,0,-2.4375,1,0,-2.1015625,0,1,0,0,-0.3359375,0.3359375
604,0,0,-2.085938,1,0,-1.94140625,0,1,0,0,-0.14453175000000007,0.14453175000000007
605,0,0,-4.242188,1,0,-4.12109375,0,1,0,0,-0.12109424999999963,0.12109424999999963
606,0,0,-3.8125,1,0,-3.6875,0,1,0,0,-0.125,0.125
607,0,0,-3.863281,1,0,-3.4453125,0,1,0,0,-0.4179685000000002,0.4179685000000002
608,0,0,-5.09375,1,0,-4.1796875,0,1,0,0,-0.9140625,0.9140625
609,0,0,-2.425781,1,0,-1.43359375,0,1,0,0,-0.9921872500000002,0.9921872500000002
610,0,0,-2.746094,1,0,-1.87890625,0,1,0,0,-0.8671877499999998,0.8671877499999998
611,0,0,-3.886719,1,0,-3.1796875,0,1,0,0,-0.7070314999999998,0.7070314999999998
612,0,0,-4.964844,1,0,-4.3671875,0,1,0,0,-0.5976565000000003,0.5976565000000003
613,1,1,-2.410156,1,1,-1.71875,0,0,0,0,-0.6914060000000002,0.6914060000000002
614,0,0,-4.796875,1,0,-4.046875,0,1,0,0,-0.75,0.75
615,0,0,-4.757812,1,0,-3.8828125,0,1,0,0,-0.8749995000000004,0.8749995000000004
616,0,0,-4.21875,1,0,-3.65234375,0,1,0,0,-0.56640625,0.56640625
617,0,0,-3.683594,1,0,-3.37109375,0,1,0,0,-0.3125002499999998,0.3125002499999998
618,0,0,-3.109375,1,0,-2.51171875,0,1,0,0,-0.59765625,0.59765625
619,0,0,-3.617188,1,0,-3.609375,0,1,0,0,-0.00781300000000007,0.00781300000000007
620,0,0,-3.996094,1,0,-3.00390625,0,1,0,0,-0.9921877499999998,0.9921877499999998
621,0,0,-3.734375,1,0,-2.8671875,0,1,0,0,-0.8671875,0.8671875
622,0,0,-4.054688,1,0,-3.48046875,0,1,0,0,-0.5742192499999996,0.5742192499999996
623,0,0,-3.480469,1,0,-2.75390625,0,1,0,0,-0.7265627499999998,0.7265627499999998
624,1,1,8.738281,1,1,9.16796875,1,1,1,1,-0.42968774999999937,0.42968774999999937
625,0,0,-3.15625,1,0,-2.9765625,0,1,0,0,-0.1796875,0.1796875
626,1,1,-0.792969,1,1,-0.32421875,0,0,0,0,-0.46875025000000003,0.46875025000000003
627,1,1,12.054688,1,1,13.1953125,1,1,1,1,-1.1406244999999995,1.1406244999999995
628,0,0,-3.71875,1,0,-2.74609375,0,1,0,0,-0.97265625,0.97265625
629,1,1,4.289062,1,1,5.140625,1,1,1,1,-0.8515629999999996,0.8515629999999996
630,0,0,-4.535156,1,0,-4.125,0,1,0,0,-0.41015599999999974,0.41015599999999974
631,0,0,-4.3125,1,0,-3.71875,0,1,0,0,-0.59375,0.59375
632,0,0,-4.34375,1,0,-3.421875,0,1,0,0,-0.921875,0.921875
633,0,0,-3.636719,1,0,-3.04296875,0,1,0,0,-0.5937502499999998,0.5937502499999998
634,1,1,2.464844,1,1,3.66796875,1,1,1,1,-1.2031247500000002,1.2031247500000002
635,0,0,-4.1875,1,0,-3.56640625,0,1,0,0,-0.62109375,0.62109375
636,0,0,-3.984375,1,0,-2.88671875,0,1,0,0,-1.09765625,1.09765625
637,0,0,-4.191406,1,0,-3.5859375,0,1,0,0,-0.6054684999999997,0.6054684999999997
638,0,0,-3.972656,1,0,-3.3671875,0,1,0,0,-0.6054685000000002,0.6054685000000002
639,0,0,-4.179688,1,0,-3.859375,0,1,0,0,-0.3203129999999996,0.3203129999999996
640,0,0,-5.0,1,0,-4.39453125,0,1,0,0,-0.60546875,0.60546875
641,0,0,-4.964844,1,0,-4.125,0,1,0,0,-0.8398440000000003,0.8398440000000003
642,0,0,-5.191406,1,0,-4.11328125,0,1,0,0,-1.0781247499999997,1.0781247499999997
643,0,0,-3.929688,1,0,-3.13671875,0,1,0,0,-0.7929692500000001,0.7929692500000001
644,0,0,-4.078125,1,0,-3.48828125,0,1,0,0,-0.58984375,0.58984375
645,0,0,-3.828125,1,0,-3.28515625,0,1,0,0,-0.54296875,0.54296875
646,0,0,-1.996094,1,0,-1.04296875,0,1,0,0,-0.95312525,0.95312525
647,0,0,-4.363281,1,0,-3.94140625,0,1,0,0,-0.42187474999999974,0.42187474999999974
648,0,0,-3.050781,1,0,-2.47265625,0,1,0,0,-0.5781247500000002,0.5781247500000002
649,0,0,-3.652344,1,0,-3.12890625,0,1,0,0,-0.5234377499999998,0.5234377499999998
650,0,0,-2.253906,1,0,-1.65625,0,1,0,0,-0.5976560000000002,0.5976560000000002
651,0,0,-2.914062,1,0,-2.06640625,0,1,0,0,-0.8476557499999999,0.8476557499999999
652,0,0,-5.746094,1,0,-4.94921875,0,1,0,0,-0.7968752500000003,0.7968752500000003
653,0,0,-2.597656,1,0,-1.64453125,0,1,0,0,-0.9531247500000002,0.9531247500000002
654,0,0,-2.628906,1,0,-2.00390625,0,1,0,0,-0.6249997500000002,0.6249997500000002
655,0,0,-3.761719,1,0,-2.87109375,0,1,0,0,-0.8906252499999998,0.8906252499999998
656,0,0,-4.609375,1,0,-4.01171875,0,1,0,0,-0.59765625,0.59765625
657,1,1,5.113281,1,1,6.328125,1,1,1,1,-1.2148440000000003,1.2148440000000003
658,0,0,-2.027344,1,0,-1.125,0,1,0,0,-0.9023439999999998,0.9023439999999998
659,1,1,1.886719,1,1,2.83984375,1,1,1,1,-0.95312475,0.95312475
660,0,0,-4.277344,1,0,-3.7578125,0,1,0,0,-0.5195315000000003,0.5195315000000003
661,0,0,-3.96875,1,0,-3.61328125,0,1,0,0,-0.35546875,0.35546875
662,0,0,-3.519531,1,0,-2.56640625,0,1,0,0,-0.9531247500000002,0.9531247500000002
663,0,0,-3.800781,1,0,-3.02734375,0,1,0,0,-0.7734372500000002,0.7734372500000002
664,1,1,0.730469,1,1,2.015625,1,1,1,1,-1.285156,1.285156
665,1,1,6.667969,1,1,6.7421875,1,1,1,1,-0.07421849999999974,0.07421849999999974
666,0,0,-4.4375,1,0,-3.9921875,0,1,0,0,-0.4453125,0.4453125
667,0,0,-4.15625,1,0,-3.67578125,0,1,0,0,-0.48046875,0.48046875
668,1,1,18.113281,1,1,19.05859375,1,1,1,1,-0.9453127499999994,0.9453127499999994
669,0,0,-3.992188,1,0,-2.9765625,0,1,0,0,-1.0156255,1.0156255
670,0,0,-3.800781,1,0,-3.74609375,0,1,0,0,-0.05468725000000019,0.05468725000000019
671,0,0,-2.808594,1,0,-1.88671875,0,1,0,0,-0.9218752499999998,0.9218752499999998
672,1,1,5.300781,1,1,6.28125,1,1,1,1,-0.9804690000000003,0.9804690000000003
673,0,0,-3.875,1,0,-3.2265625,0,1,0,0,-0.6484375,0.6484375
674,0,0,-4.535156,1,0,-3.625,0,1,0,0,-0.9101559999999997,0.9101559999999997
675,1,1,24.78125,1,1,22.70703125,1,1,1,1,2.07421875,2.07421875
676,0,0,-3.804688,1,0,-3.01171875,0,1,0,0,-0.7929692500000001,0.7929692500000001
677,0,0,-3.1875,1,0,-2.0,0,1,0,0,-1.1875,1.1875
678,0,0,-4.367188,1,0,-3.3828125,0,1,0,0,-0.9843754999999996,0.9843754999999996
679,0,0,-3.917969,1,0,-3.234375,0,1,0,0,-0.6835939999999998,0.6835939999999998
680,0,0,-3.804688,1,0,-3.0078125,0,1,0,0,-0.7968755000000001,0.7968755000000001
681,0,0,-4.355469,1,0,-3.55859375,0,1,0,0,-0.7968752500000003,0.7968752500000003
682,0,0,-3.132812,1,0,-2.34375,0,1,0,0,-0.7890619999999999,0.7890619999999999
683,0,0,-4.960938,1,0,-4.046875,0,1,0,0,-0.9140629999999996,0.9140629999999996
684,0,0,-4.039062,1,0,-3.58203125,0,1,0,0,-0.4570307500000004,0.4570307500000004
685,0,0,-5.117188,1,0,-4.1171875,0,1,0,0,-1.0000004999999996,1.0000004999999996
686,1,1,2.367188,1,1,3.875,1,1,1,1,-1.507812,1.507812
687,0,0,-2.789062,1,0,-2.30078125,0,1,0,0,-0.48828074999999993,0.48828074999999993
688,1,1,1.109375,1,1,1.80078125,1,1,1,1,-0.69140625,0.69140625
689,1,1,2.605469,1,1,3.04296875,1,1,1,1,-0.4374997500000002,0.4374997500000002
690,0,0,-2.457031,1,0,-1.72265625,0,1,0,0,-0.7343747500000002,0.7343747500000002
691,0,0,-3.851562,1,0,-3.6171875,0,1,0,0,-0.23437449999999993,0.23437449999999993
692,0,0,-3.324219,1,0,-2.3046875,0,1,0,0,-1.0195314999999998,1.0195314999999998
693,1,1,4.523438,1,1,5.296875,1,1,1,1,-0.7734370000000004,0.7734370000000004
694,0,0,-3.929688,1,0,-3.5234375,0,1,0,0,-0.40625050000000007,0.40625050000000007
695,0,0,-3.691406,1,0,-2.8359375,0,1,0,0,-0.8554685000000002,0.8554685000000002
696,0,0,-3.320312,1,0,-2.6484375,0,1,0,0,-0.6718744999999999,0.6718744999999999
697,0,0,-3.945312,1,0,-3.08203125,0,1,0,0,-0.8632807499999999,0.8632807499999999
698,0,0,-5.601562,1,0,-4.765625,0,1,0,0,-0.8359370000000004,0.8359370000000004
699,0,0,-5.609375,1,0,-4.203125,0,1,0,0,-1.40625,1.40625
700,0,0,-4.316406,1,0,-3.3203125,0,1,0,0,-0.9960934999999997,0.9960934999999997
701,0,0,-2.9375,1,0,-2.08984375,0,1,0,0,-0.84765625,0.84765625
702,0,0,-3.183594,1,0,-2.71875,0,1,0,0,-0.4648439999999998,0.4648439999999998
703,0,0,-3.460938,1,0,-2.453125,0,1,0,0,-1.007813,1.007813
704,0,0,-4.085938,1,0,-3.31640625,0,1,0,0,-0.7695317499999996,0.7695317499999996
705,0,0,-2.863281,1,0,-2.37109375,0,1,0,0,-0.4921872500000002,0.4921872500000002
706,0,0,-4.394531,1,0,-3.51171875,0,1,0,0,-0.8828122499999997,0.8828122499999997
707,0,0,-2.660156,1,0,-2.16796875,0,1,0,0,-0.4921872500000002,0.4921872500000002
708,0,0,-3.4375,1,0,-2.71484375,0,1,0,0,-0.72265625,0.72265625
709,0,0,-3.5625,1,0,-3.00390625,0,1,0,0,-0.55859375,0.55859375
710,0,0,-3.019531,1,0,-1.15234375,0,1,0,0,-1.8671872500000002,1.8671872500000002
711,0,0,-3.730469,1,0,-2.8671875,0,1,0,0,-0.8632814999999998,0.8632814999999998
712,0,0,-4.035156,1,0,-3.73828125,0,1,0,0,-0.29687474999999974,0.29687474999999974
713,1,1,2.855469,1,1,3.7734375,1,1,1,1,-0.9179685000000002,0.9179685000000002
714,0,0,-2.800781,1,0,-2.35546875,0,1,0,0,-0.4453122500000002,0.4453122500000002
715,0,0,-3.882812,1,0,-3.7421875,0,1,0,0,-0.14062449999999993,0.14062449999999993
716,0,0,-2.4375,1,0,-1.79296875,0,1,0,0,-0.64453125,0.64453125
717,1,1,8.066406,1,1,10.34375,1,1,1,1,-2.2773439999999994,2.2773439999999994
718,0,0,-4.183594,1,0,-3.828125,0,1,0,0,-0.35546900000000026,0.35546900000000026
719,1,1,5.742188,1,1,7.22265625,1,1,1,1,-1.4804682500000004,1.4804682500000004
720,0,0,-3.226562,1,0,-2.78515625,0,1,0,0,-0.44140574999999993,0.44140574999999993
721,0,0,-2.820312,1,0,-1.6484375,0,1,0,0,-1.1718745,1.1718745
722,0,0,-2.988281,1,0,-2.734375,0,1,0,0,-0.2539060000000002,0.2539060000000002
723,0,0,-3.757812,1,0,-3.05078125,0,1,0,0,-0.7070307499999999,0.7070307499999999
724,0,0,-3.222656,1,0,-2.953125,0,1,0,0,-0.2695310000000002,0.2695310000000002
725,0,0,-4.878906,1,0,-4.375,0,1,0,0,-0.5039059999999997,0.5039059999999997
726,0,0,-2.773438,1,0,-2.49609375,0,1,0,0,-0.27734425000000007,0.27734425000000007
727,1,1,13.152344,1,1,13.24609375,1,1,1,1,-0.09374975000000063,0.09374975000000063
728,0,0,-2.832031,1,0,-2.28515625,0,1,0,0,-0.5468747500000002,0.5468747500000002
729,0,0,-3.898438,1,0,-3.140625,0,1,0,0,-0.7578130000000001,0.7578130000000001
730,0,0,-3.085938,1,0,-2.234375,0,1,0,0,-0.8515630000000001,0.8515630000000001
731,0,0,-4.535156,1,0,-3.98828125,0,1,0,0,-0.5468747499999997,0.5468747499999997
732,0,0,-3.679688,1,0,-3.57421875,0,1,0,0,-0.10546925000000007,0.10546925000000007
733,0,0,-2.980469,1,0,-2.0078125,0,1,0,0,-0.9726564999999998,0.9726564999999998
734,0,0,-2.949219,1,0,-2.2890625,0,1,0,0,-0.6601564999999998,0.6601564999999998
735,0,0,-3.203125,1,0,-2.80078125,0,1,0,0,-0.40234375,0.40234375
736,0,0,-3.828125,1,0,-3.5078125,0,1,0,0,-0.3203125,0.3203125
737,0,0,-3.75,1,0,-3.328125,0,1,0,0,-0.421875,0.421875
738,1,1,6.574219,1,1,8.3125,1,1,1,1,-1.7382809999999997,1.7382809999999997
739,0,0,-2.917969,1,0,-2.6640625,0,1,0,0,-0.2539064999999998,0.2539064999999998
740,0,0,-4.320312,1,0,-3.953125,0,1,0,0,-0.3671870000000004,0.3671870000000004
741,0,0,-2.976562,1,0,-2.4453125,0,1,0,0,-0.5312494999999999,0.5312494999999999
742,0,0,-3.789062,1,0,-2.6796875,0,1,0,0,-1.1093745,1.1093745
743,1,1,3.855469,1,1,5.42578125,1,1,1,1,-1.5703122500000002,1.5703122500000002
744,0,0,-3.058594,1,0,-2.234375,0,1,0,0,-0.8242189999999998,0.8242189999999998
745,1,1,4.828125,1,1,5.69140625,1,1,1,1,-0.86328125,0.86328125
746,0,0,-4.917969,1,0,-4.12890625,0,1,0,0,-0.7890627500000003,0.7890627500000003
747,0,0,-2.617188,1,0,-1.79296875,0,1,0,0,-0.8242192500000001,0.8242192500000001
748,0,0,-3.261719,1,0,-2.73046875,0,1,0,0,-0.5312502499999998,0.5312502499999998
749,0,0,-3.601562,1,0,-2.9609375,0,1,0,0,-0.6406244999999999,0.6406244999999999
750,0,0,-2.636719,1,0,-1.2421875,0,1,0,0,-1.3945314999999998,1.3945314999999998
751,0,0,-5.097656,1,0,-4.2265625,0,1,0,0,-0.8710934999999997,0.8710934999999997
752,0,0,-2.867188,1,0,-2.390625,0,1,0,0,-0.47656300000000007,0.47656300000000007
753,0,0,-3.066406,1,0,-2.45703125,0,1,0,0,-0.6093747500000002,0.6093747500000002
754,0,0,-2.441406,1,0,-2.00390625,0,1,0,0,-0.4374997500000002,0.4374997500000002
755,0,0,-2.660156,1,0,-2.125,0,1,0,0,-0.5351560000000002,0.5351560000000002
756,0,0,-4.042969,1,0,-3.66796875,0,1,0,0,-0.37500025000000026,0.37500025000000026
757,0,0,-2.164062,1,0,-1.6015625,0,1,0,0,-0.5624994999999999,0.5624994999999999
758,0,0,-2.636719,1,0,-1.73046875,0,1,0,0,-0.9062502499999998,0.9062502499999998
759,0,0,-2.425781,1,0,-1.70703125,0,1,0,0,-0.7187497500000002,0.7187497500000002
760,0,0,-4.4375,1,0,-4.234375,0,1,0,0,-0.203125,0.203125
761,0,0,-2.464844,1,0,-2.046875,0,1,0,0,-0.4179689999999998,0.4179689999999998
762,0,0,-4.046875,1,0,-3.30859375,0,1,0,0,-0.73828125,0.73828125
763,0,0,-1.953125,1,0,-1.73828125,0,1,0,0,-0.21484375,0.21484375
764,0,0,-3.667969,1,0,-3.0,0,1,0,0,-0.6679689999999998,0.6679689999999998
765,0,0,-4.398438,1,0,-3.91796875,0,1,0,0,-0.4804692499999996,0.4804692499999996
766,0,0,-2.851562,1,0,-2.5234375,0,1,0,0,-0.32812449999999993,0.32812449999999993
767,0,0,-3.683594,1,0,-3.015625,0,1,0,0,-0.6679689999999998,0.6679689999999998
768,0,0,-1.695312,1,0,-0.53515625,0,1,0,0,-1.16015575,1.16015575
769,0,0,-3.914062,1,0,-3.15234375,0,1,0,0,-0.7617182499999999,0.7617182499999999
770,0,0,-3.695312,1,0,-2.83203125,0,1,0,0,-0.8632807499999999,0.8632807499999999
771,0,0,-2.808594,1,0,-2.01171875,0,1,0,0,-0.7968752499999998,0.7968752499999998
772,0,0,-2.925781,1,0,-2.3359375,0,1,0,0,-0.5898435000000002,0.5898435000000002
773,0,0,-3.359375,1,0,-2.8671875,0,1,0,0,-0.4921875,0.4921875
774,1,1,-0.910156,1,1,0.0,0,0,0,0,-0.910156,0.910156
775,0,0,-3.679688,1,0,-3.0,0,1,0,0,-0.6796880000000001,0.6796880000000001
776,0,0,-4.1875,1,0,-2.9765625,0,1,0,0,-1.2109375,1.2109375
777,0,0,-3.234375,1,0,-2.15625,0,1,0,0,-1.078125,1.078125
778,1,1,2.628906,1,1,4.20703125,1,1,1,1,-1.5781252499999998,1.5781252499999998
779,0,0,-3.476562,1,0,-2.875,0,1,0,0,-0.6015619999999999,0.6015619999999999
780,0,0,-3.078125,1,0,-2.40625,0,1,0,0,-0.671875,0.671875
781,1,1,1.484375,1,1,2.36328125,1,1,1,1,-0.87890625,0.87890625
782,0,0,-4.777344,1,0,-4.21875,0,1,0,0,-0.5585940000000003,0.5585940000000003
783,1,1,1.507812,1,1,2.18359375,1,1,1,1,-0.6757817500000001,0.6757817500000001
784,0,0,-3.859375,1,0,-3.515625,0,1,0,0,-0.34375,0.34375
785,0,0,-4.261719,1,0,-3.578125,0,1,0,0,-0.6835940000000003,0.6835940000000003
786,0,0,-4.359375,1,0,-3.48046875,0,1,0,0,-0.87890625,0.87890625
787,0,0,-3.5,1,0,-2.92578125,0,1,0,0,-0.57421875,0.57421875
788,0,0,-3.183594,1,0,-2.51953125,0,1,0,0,-0.6640627499999998,0.6640627499999998
789,0,0,-2.554688,1,0,-2.53125,0,1,0,0,-0.02343800000000007,0.02343800000000007
790,0,0,-4.492188,1,0,-3.56640625,0,1,0,0,-0.9257817499999996,0.9257817499999996
791,1,1,18.921875,1,1,19.1171875,1,1,1,1,-0.1953125,0.1953125
792,1,1,13.117188,1,1,13.8125,1,1,1,1,-0.6953119999999995,0.6953119999999995
793,0,0,-4.960938,1,0,-4.21875,0,1,0,0,-0.7421879999999996,0.7421879999999996
794,0,0,-2.863281,1,0,-2.21484375,0,1,0,0,-0.6484372500000002,0.6484372500000002
795,1,1,3.355469,1,1,3.8359375,1,1,1,1,-0.4804685000000002,0.4804685000000002
796,0,0,-2.996094,1,0,-1.99609375,0,1,0,0,-1.0000002499999998,1.0000002499999998
797,0,0,-4.046875,1,0,-3.58203125,0,1,0,0,-0.46484375,0.46484375
798,0,0,-4.078125,1,0,-3.53515625,0,1,0,0,-0.54296875,0.54296875
799,0,0,-4.175781,1,0,-3.50390625,0,1,0,0,-0.6718747499999997,0.6718747499999997
800,0,0,-3.015625,1,0,-2.10546875,0,1,0,0,-0.91015625,0.91015625
801,0,0,-4.113281,1,0,-2.87890625,0,1,0,0,-1.2343747499999997,1.2343747499999997
802,1,1,1.054688,1,1,2.36328125,1,1,1,1,-1.30859325,1.30859325
803,0,0,-3.773438,1,0,-2.63671875,0,1,0,0,-1.13671925,1.13671925
804,0,0,-4.214844,1,0,-3.46484375,0,1,0,0,-0.7500002500000003,0.7500002500000003
805,0,0,-1.597656,1,0,-0.57421875,0,1,0,0,-1.02343725,1.02343725
806,0,0,-3.296875,1,0,-2.453125,0,1,0,0,-0.84375,0.84375
807,0,0,-3.574219,1,0,-3.29296875,0,1,0,0,-0.2812502499999998,0.2812502499999998
808,1,1,0.320312,1,1,1.45703125,1,1,1,1,-1.13671925,1.13671925
809,1,1,12.570312,1,1,12.9140625,1,1,1,1,-0.3437505000000005,0.3437505000000005
810,1,1,0.699219,1,1,1.5234375,1,1,1,1,-0.8242185,0.8242185
811,0,0,-4.097656,1,0,-3.12109375,0,1,0,0,-0.9765622499999997,0.9765622499999997
812,0,0,-3.144531,1,0,-2.7265625,0,1,0,0,-0.4179685000000002,0.4179685000000002
813,0,0,-4.101562,1,0,-3.08203125,0,1,0,0,-1.0195307500000004,1.0195307500000004
814,0,0,-4.542969,1,0,-3.6171875,0,1,0,0,-0.9257815000000003,0.9257815000000003
815,0,0,-2.921875,1,0,-2.2890625,0,1,0,0,-0.6328125,0.6328125
816,0,0,-3.410156,1,0,-2.64453125,0,1,0,0,-0.7656247500000002,0.7656247500000002
817,0,0,-1.910156,1,0,-1.515625,0,1,0,0,-0.39453099999999997,0.39453099999999997
818,0,0,-2.753906,1,0,-1.97265625,0,1,0,0,-0.7812497500000002,0.7812497500000002
819,1,1,10.1875,1,1,11.01953125,1,1,1,1,-0.83203125,0.83203125
820,0,0,-4.285156,1,0,-3.74609375,0,1,0,0,-0.5390622499999997,0.5390622499999997
821,0,0,-5.878906,1,0,-4.77734375,0,1,0,0,-1.1015622499999997,1.1015622499999997
822,0,0,-3.851562,1,0,-3.48046875,0,1,0,0,-0.37109324999999993,0.37109324999999993
823,0,0,-3.34375,1,0,-2.3203125,0,1,0,0,-1.0234375,1.0234375
824,0,0,-2.5,1,0,-2.171875,0,1,0,0,-0.328125,0.328125
825,0,0,-3.699219,1,0,-3.515625,0,1,0,0,-0.1835939999999998,0.1835939999999998
826,0,0,-2.242188,1,0,-1.38671875,0,1,0,0,-0.8554692500000001,0.8554692500000001
827,0,0,-4.152344,1,0,-3.1875,0,1,0,0,-0.9648440000000003,0.9648440000000003
828,0,0,-2.765625,1,0,-1.87109375,0,1,0,0,-0.89453125,0.89453125
829,0,0,-3.277344,1,0,-2.59375,0,1,0,0,-0.6835939999999998,0.6835939999999998
830,0,0,-2.710938,1,0,-1.84375,0,1,0,0,-0.8671880000000001,0.8671880000000001
831,0,0,-2.542969,1,0,-1.79296875,0,1,0,0,-0.7500002499999998,0.7500002499999998
832,0,0,-2.664062,1,0,-1.66015625,0,1,0,0,-1.00390575,1.00390575
833,0,0,-5.359375,1,0,-4.73046875,0,1,0,0,-0.62890625,0.62890625
834,0,0,-0.097656,1,0,0.55078125,1,0,1,0,-0.64843725,0.64843725
835,0,0,-3.972656,1,0,-3.3359375,0,1,0,0,-0.6367185000000002,0.6367185000000002
836,0,0,-2.085938,1,0,-1.0390625,0,1,0,0,-1.0468755,1.0468755
837,1,1,-1.191406,1,1,-0.41796875,0,0,0,0,-0.77343725,0.77343725
838,0,0,-2.0625,1,0,-1.25,0,1,0,0,-0.8125,0.8125
839,0,0,-2.523438,1,0,-2.0390625,0,1,0,0,-0.48437550000000007,0.48437550000000007
840,0,0,-3.816406,1,0,-3.75,0,1,0,0,-0.06640600000000019,0.06640600000000019
841,0,0,-4.058594,1,0,-3.578125,0,1,0,0,-0.48046900000000026,0.48046900000000026
842,0,0,-4.171875,1,0,-3.8984375,0,1,0,0,-0.2734375,0.2734375
843,0,0,-3.34375,1,0,-3.10546875,0,1,0,0,-0.23828125,0.23828125
844,0,0,-4.328125,1,0,-3.8671875,0,1,0,0,-0.4609375,0.4609375
845,1,1,1.039062,1,1,2.3203125,1,1,1,1,-1.2812505,1.2812505
846,0,0,-3.214844,1,0,-2.7265625,0,1,0,0,-0.4882814999999998,0.4882814999999998
847,0,0,-3.628906,1,0,-3.13671875,0,1,0,0,-0.4921872500000002,0.4921872500000002
848,0,0,-2.632812,1,0,-1.83203125,0,1,0,0,-0.8007807499999999,0.8007807499999999
849,0,0,-3.050781,1,0,-3.01171875,0,1,0,0,-0.03906225000000019,0.03906225000000019
850,0,0,-4.285156,1,0,-3.1171875,0,1,0,0,-1.1679684999999997,1.1679684999999997
851,0,0,-3.148438,1,0,-2.7109375,0,1,0,0,-0.43750050000000007,0.43750050000000007
852,1,1,1.832031,1,1,3.234375,1,1,1,1,-1.402344,1.402344
853,0,0,-2.976562,1,0,-2.30859375,0,1,0,0,-0.6679682499999999,0.6679682499999999
854,1,1,7.277344,1,1,7.34375,1,1,1,1,-0.06640599999999974,0.06640599999999974
855,0,0,-3.414062,1,0,-2.92578125,0,1,0,0,-0.48828074999999993,0.48828074999999993
856,1,1,12.917969,1,1,11.3515625,1,1,1,1,1.5664064999999994,1.5664064999999994
857,0,0,-4.570312,1,0,-3.91015625,0,1,0,0,-0.6601557500000004,0.6601557500000004
858,0,0,-3.890625,1,0,-3.140625,0,1,0,0,-0.75,0.75
859,0,0,-4.171875,1,0,-3.74609375,0,1,0,0,-0.42578125,0.42578125
860,0,0,-5.050781,1,0,-4.35546875,0,1,0,0,-0.6953122499999997,0.6953122499999997
861,0,0,-4.007812,1,0,-3.3203125,0,1,0,0,-0.6874995000000004,0.6874995000000004
862,0,0,-3.808594,1,0,-3.11328125,0,1,0,0,-0.6953127499999998,0.6953127499999998
863,0,0,-3.390625,1,0,-2.3984375,0,1,0,0,-0.9921875,0.9921875
864,0,0,-3.375,1,0,-2.74609375,0,1,0,0,-0.62890625,0.62890625
865,0,0,-2.203125,1,0,-1.578125,0,1,0,0,-0.625,0.625
866,0,0,-2.722656,1,0,-2.24609375,0,1,0,0,-0.4765622500000002,0.4765622500000002
867,0,0,-4.152344,1,0,-3.6328125,0,1,0,0,-0.5195315000000003,0.5195315000000003
868,0,0,-5.433594,1,0,-4.69140625,0,1,0,0,-0.7421877500000003,0.7421877500000003
869,1,1,11.726562,1,1,11.08203125,1,1,1,1,0.6445307499999995,0.6445307499999995
870,0,0,-4.648438,1,0,-3.98828125,0,1,0,0,-0.6601567499999996,0.6601567499999996
871,0,0,-4.128906,1,0,-3.21875,0,1,0,0,-0.9101559999999997,0.9101559999999997
872,0,0,-3.101562,1,0,-2.84375,0,1,0,0,-0.25781199999999993,0.25781199999999993
873,0,0,-4.152344,1,0,-3.42578125,0,1,0,0,-0.7265627500000003,0.7265627500000003
874,0,0,-3.964844,1,0,-3.05078125,0,1,0,0,-0.9140627499999998,0.9140627499999998
875,0,0,-4.535156,1,0,-3.953125,0,1,0,0,-0.5820309999999997,0.5820309999999997
876,0,0,-3.195312,1,0,-2.1953125,0,1,0,0,-0.9999994999999999,0.9999994999999999
877,0,0,-3.304688,1,0,-2.03515625,0,1,0,0,-1.26953175,1.26953175
878,0,0,-4.402344,1,0,-3.6015625,0,1,0,0,-0.8007815000000003,0.8007815000000003
879,0,0,-3.628906,1,0,-3.47265625,0,1,0,0,-0.1562497500000002,0.1562497500000002
880,0,0,-4.355469,1,0,-3.36328125,0,1,0,0,-0.9921877500000003,0.9921877500000003
881,1,1,6.910156,1,1,9.0,1,1,1,1,-2.0898440000000003,2.0898440000000003
882,0,0,-3.78125,1,0,-3.15234375,0,1,0,0,-0.62890625,0.62890625
883,0,0,-3.648438,1,0,-3.0859375,0,1,0,0,-0.5625005000000001,0.5625005000000001
884,0,0,-4.507812,1,0,-3.73046875,0,1,0,0,-0.7773432500000004,0.7773432500000004
885,0,0,-4.203125,1,0,-3.66015625,0,1,0,0,-0.54296875,0.54296875
886,0,0,-4.371094,1,0,-3.62109375,0,1,0,0,-0.7500002500000003,0.7500002500000003
887,0,0,-1.773438,1,0,-1.22265625,0,1,0,0,-0.5507817500000001,0.5507817500000001
888,1,1,8.964844,1,1,9.55078125,1,1,1,1,-0.5859372500000006,0.5859372500000006
889,0,0,-2.207031,1,0,-1.6640625,0,1,0,0,-0.5429685000000002,0.5429685000000002
890,0,0,-3.476562,1,0,-3.3359375,0,1,0,0,-0.14062449999999993,0.14062449999999993
891,0,0,-3.109375,1,0,-2.1015625,0,1,0,0,-1.0078125,1.0078125
892,0,0,-3.6875,1,0,-3.4296875,0,1,0,0,-0.2578125,0.2578125
893,0,0,-3.121094,1,0,-1.76953125,0,1,0,0,-1.3515627499999998,1.3515627499999998
894,1,1,2.726562,1,1,3.54296875,1,1,1,1,-0.8164067500000001,0.8164067500000001
895,0,0,-3.84375,1,0,-3.0234375,0,1,0,0,-0.8203125,0.8203125
896,1,1,9.828125,1,1,10.05078125,1,1,1,1,-0.22265625,0.22265625
897,0,0,-2.933594,1,0,-2.32421875,0,1,0,0,-0.6093752499999998,0.6093752499999998
898,0,0,-2.75,1,0,-1.73828125,0,1,0,0,-1.01171875,1.01171875
899,0,0,-2.828125,1,0,-1.9921875,0,1,0,0,-0.8359375,0.8359375
900,0,0,-4.984375,1,0,-4.25,0,1,0,0,-0.734375,0.734375
901,0,0,-3.582031,1,0,-3.18359375,0,1,0,0,-0.3984372500000002,0.3984372500000002
902,0,0,-4.609375,1,0,-3.75,0,1,0,0,-0.859375,0.859375
903,0,0,-3.5625,1,0,-3.3984375,0,1,0,0,-0.1640625,0.1640625
904,1,1,6.003906,1,1,7.10546875,1,1,1,1,-1.1015627500000003,1.1015627500000003
905,0,0,-4.578125,1,0,-4.0703125,0,1,0,0,-0.5078125,0.5078125
906,0,0,-3.597656,1,0,-3.3203125,0,1,0,0,-0.2773435000000002,0.2773435000000002
907,0,0,-5.035156,1,0,-4.35546875,0,1,0,0,-0.6796872499999997,0.6796872499999997
908,0,0,-4.703125,1,0,-3.4921875,0,1,0,0,-1.2109375,1.2109375
909,0,0,-3.359375,1,0,-2.7109375,0,1,0,0,-0.6484375,0.6484375
910,0,0,-4.03125,1,0,-3.828125,0,1,0,0,-0.203125,0.203125
911,0,0,-4.242188,1,0,-3.46484375,0,1,0,0,-0.7773442499999996,0.7773442499999996
912,1,1,3.636719,1,1,4.9921875,1,1,1,1,-1.3554685000000002,1.3554685000000002
913,0,0,-3.066406,1,0,-2.98828125,0,1,0,0,-0.07812475000000019,0.07812475000000019
914,1,1,-0.398438,1,1,1.19921875,1,1,1,1,-1.59765675,1.59765675
915,0,0,-4.996094,1,0,-4.55078125,0,1,0,0,-0.44531275000000026,0.44531275000000026
916,1,1,7.457031,1,1,6.74609375,1,1,1,1,0.7109372499999997,0.7109372499999997
917,0,0,-3.125,1,0,-2.015625,0,1,0,0,-1.109375,1.109375
918,0,0,-3.894531,1,0,-3.234375,0,1,0,0,-0.6601560000000002,0.6601560000000002
919,0,0,-3.519531,1,0,-2.59765625,0,1,0,0,-0.9218747500000002,0.9218747500000002
920,0,0,-4.117188,1,0,-3.41015625,0,1,0,0,-0.7070317499999996,0.7070317499999996
921,1,1,-2.542969,1,1,-1.890625,0,0,0,0,-0.6523439999999998,0.6523439999999998
922,0,0,-4.410156,1,0,-3.96875,0,1,0,0,-0.44140599999999974,0.44140599999999974
923,1,1,6.4375,1,1,7.34765625,1,1,1,1,-0.91015625,0.91015625
924,1,1,3.171875,1,1,4.4765625,1,1,1,1,-1.3046875,1.3046875
925,1,1,2.355469,1,1,2.99609375,1,1,1,1,-0.6406247500000002,0.6406247500000002
926,0,0,-2.742188,1,0,-2.28515625,0,1,0,0,-0.45703175000000007,0.45703175000000007
927,0,0,-3.488281,1,0,-2.82421875,0,1,0,0,-0.6640622500000002,0.6640622500000002
928,0,0,-3.132812,1,0,-2.42578125,0,1,0,0,-0.7070307499999999,0.7070307499999999
929,0,0,-3.597656,1,0,-2.67578125,0,1,0,0,-0.9218747500000002,0.9218747500000002
930,0,0,-3.851562,1,0,-3.3671875,0,1,0,0,-0.48437449999999993,0.48437449999999993
931,0,0,-3.277344,1,0,-2.39453125,0,1,0,0,-0.8828127499999998,0.8828127499999998
932,0,0,-2.035156,1,0,-1.5390625,0,1,0,0,-0.4960935000000002,0.4960935000000002
933,1,1,31.738281,1,1,23.1171875,1,1,1,1,8.6210935,8.6210935
934,0,0,-4.175781,1,0,-4.12890625,0,1,0,0,-0.04687474999999974,0.04687474999999974
935,0,0,-4.75,1,0,-4.2734375,0,1,0,0,-0.4765625,0.4765625
936,0,0,-2.632812,1,0,-1.578125,0,1,0,0,-1.054687,1.054687
937,1,1,0.25,1,1,1.4453125,1,1,1,1,-1.1953125,1.1953125
938,0,0,-3.566406,1,0,-3.4921875,0,1,0,0,-0.07421850000000019,0.07421850000000019
939,0,0,-4.210938,1,0,-3.40234375,0,1,0,0,-0.8085942499999996,0.8085942499999996
940,0,0,-4.121094,1,0,-3.78125,0,1,0,0,-0.33984400000000026,0.33984400000000026
941,0,0,-4.382812,1,0,-3.62109375,0,1,0,0,-0.7617182500000004,0.7617182500000004
942,0,0,-3.652344,1,0,-2.703125,0,1,0,0,-0.9492189999999998,0.9492189999999998
943,0,0,-2.152344,1,0,-1.63671875,0,1,0,0,-0.5156252499999998,0.5156252499999998
944,0,0,-3.757812,1,0,-2.87890625,0,1,0,0,-0.8789057499999999,0.8789057499999999
945,0,0,-3.058594,1,0,-2.30859375,0,1,0,0,-0.7500002499999998,0.7500002499999998
946,0,0,-3.351562,1,0,-2.32421875,0,1,0,0,-1.02734325,1.02734325
947,0,0,-2.828125,1,0,-2.234375,0,1,0,0,-0.59375,0.59375
948,0,0,-3.238281,1,0,-2.54296875,0,1,0,0,-0.6953122500000002,0.6953122500000002
949,0,0,-2.929688,1,0,-1.953125,0,1,0,0,-0.9765630000000001,0.9765630000000001
950,1,1,7.960938,1,1,8.68359375,1,1,1,1,-0.7226557500000004,0.7226557500000004
951,0,0,-3.6875,1,0,-2.5078125,0,1,0,0,-1.1796875,1.1796875
952,0,0,-3.128906,1,0,-2.19921875,0,1,0,0,-0.9296872500000002,0.9296872500000002
953,0,0,-3.496094,1,0,-3.34765625,0,1,0,0,-0.1484377499999998,0.1484377499999998
954,0,0,-2.402344,1,0,-1.5859375,0,1,0,0,-0.8164064999999998,0.8164064999999998
955,0,0,-3.027344,1,0,-2.46484375,0,1,0,0,-0.5625002499999998,0.5625002499999998
956,0,0,-3.507812,1,0,-3.00390625,0,1,0,0,-0.5039057499999999,0.5039057499999999
957,0,0,-3.972656,1,0,-3.2578125,0,1,0,0,-0.7148435000000002,0.7148435000000002
958,0,0,-0.953125,1,0,-0.3125,0,1,0,0,-0.640625,0.640625
959,0,0,-2.683594,1,0,-1.95703125,0,1,0,0,-0.7265627499999998,0.7265627499999998
960,0,0,-3.582031,1,0,-2.84765625,0,1,0,0,-0.7343747500000002,0.7343747500000002
961,1,1,19.730469,1,1,18.69921875,1,1,1,1,1.0312502499999994,1.0312502499999994
962,0,0,-1.886719,1,0,-1.0859375,0,1,0,0,-0.8007815,0.8007815
963,0,0,-4.890625,1,0,-4.04296875,0,1,0,0,-0.84765625,0.84765625
964,0,0,-3.960938,1,0,-3.2734375,0,1,0,0,-0.6875005000000001,0.6875005000000001
965,0,0,-4.296875,1,0,-3.8203125,0,1,0,0,-0.4765625,0.4765625
966,1,1,0.710938,1,1,2.0390625,1,1,1,1,-1.3281245,1.3281245
967,0,0,-3.855469,1,0,-3.0234375,0,1,0,0,-0.8320314999999998,0.8320314999999998
968,0,0,-3.628906,1,0,-3.33203125,0,1,0,0,-0.2968747500000002,0.2968747500000002
969,0,0,-5.203125,1,0,-3.8359375,0,1,0,0,-1.3671875,1.3671875
970,1,1,5.40625,1,1,6.2734375,1,1,1,1,-0.8671875,0.8671875
971,1,1,1.167969,1,1,2.47265625,1,1,1,1,-1.30468725,1.30468725
972,0,0,-2.953125,1,0,-2.3125,0,1,0,0,-0.640625,0.640625
973,0,0,-3.671875,1,0,-2.984375,0,1,0,0,-0.6875,0.6875
974,0,0,-3.464844,1,0,-2.80859375,0,1,0,0,-0.6562502499999998,0.6562502499999998
975,0,0,-3.679688,1,0,-2.7578125,0,1,0,0,-0.9218755000000001,0.9218755000000001
976,0,0,-3.160156,1,0,-2.2890625,0,1,0,0,-0.8710935000000002,0.8710935000000002
977,0,0,-3.867188,1,0,-3.83203125,0,1,0,0,-0.03515675000000007,0.03515675000000007
978,0,0,-4.199219,1,0,-3.25390625,0,1,0,0,-0.9453127500000003,0.9453127500000003
979,0,0,-1.929688,1,0,-1.17578125,0,1,0,0,-0.7539067500000001,0.7539067500000001
980,0,0,-4.15625,1,0,-3.79296875,0,1,0,0,-0.36328125,0.36328125
981,0,0,-3.695312,1,0,-3.37890625,0,1,0,0,-0.31640574999999993,0.31640574999999993
982,0,0,-3.472656,1,0,-2.40625,0,1,0,0,-1.0664060000000002,1.0664060000000002
983,0,0,-1.488281,1,0,-0.75,0,1,0,0,-0.738281,0.738281
984,1,1,0.128906,1,1,0.8046875,1,1,1,1,-0.6757815,0.6757815
985,0,0,-2.90625,1,0,-2.3671875,0,1,0,0,-0.5390625,0.5390625
986,0,0,-3.09375,1,0,-2.50390625,0,1,0,0,-0.58984375,0.58984375
987,0,0,-3.347656,1,0,-2.5625,0,1,0,0,-0.7851560000000002,0.7851560000000002
988,0,0,-3.578125,1,0,-3.00390625,0,1,0,0,-0.57421875,0.57421875
989,0,0,-2.820312,1,0,-2.34375,0,1,0,0,-0.47656199999999993,0.47656199999999993
990,0,0,-3.773438,1,0,-3.53125,0,1,0,0,-0.24218800000000007,0.24218800000000007
991,0,0,-4.019531,1,0,-3.50390625,0,1,0,0,-0.5156247499999997,0.5156247499999997
992,1,1,-0.003906,1,1,0.640625,1,1,1,1,-0.644531,0.644531
993,0,0,-4.472656,1,0,-3.94921875,0,1,0,0,-0.5234372499999997,0.5234372499999997
994,0,0,-3.589844,1,0,-2.64453125,0,1,0,0,-0.9453127499999998,0.9453127499999998
995,0,0,-2.914062,1,0,-2.046875,0,1,0,0,-0.8671869999999999,0.8671869999999999
996,1,1,0.492188,1,1,1.26171875,1,1,1,1,-0.7695307499999999,0.7695307499999999
997,0,0,-3.796875,1,0,-3.06640625,0,1,0,0,-0.73046875,0.73046875
998,0,0,-2.878906,1,0,-2.375,0,1,0,0,-0.5039060000000002,0.5039060000000002
999,0,0,-3.785156,1,0,-2.89453125,0,1,0,0,-0.8906247500000002,0.8906247500000002
